pair,lag_h,method,stat,p,q_bh,bh_reject
BTC->ETH,1,xcorr,-0.018288242905806572,4.026487591757758e-05,0.00023397157627781564,True
BTC->ETH,1,ols_hac,-2.1572937859238266,0.03098278088609565,0.04762930054501936,True
BTC->ETH,1,granger,19.468391538764525,1.024901184633138e-05,6.735704292021278e-05,True
BTC->ETH,1,rolling_stability,0.6956521739130435,0.0931396484375,0.12824809780277904,False
BTC->ETH,1,mutual_info,0.019977516476977097,0.005,0.009077201447527142,True
BTC->ETH,1,transfer_entropy,0.0039783924969003515,0.005,0.009077201447527142,True
BTC->ETH,2,xcorr,-0.01893156734290539,2.134070320466977e-05,0.00012795919650608766,True
BTC->ETH,2,ols_hac,-1.9508201484202636,0.05107844417216761,0.0746340373583614,False
BTC->ETH,2,granger,10.416681348296981,2.999353564056774e-05,0.0001756430783620796,True
BTC->ETH,2,rolling_stability,0.6086956521739131,0.4048728942871094,0.4633716394692773,False
BTC->ETH,2,mutual_info,0.014527833609058405,0.005,0.009077201447527142,True
BTC->ETH,2,transfer_entropy,0.005001831294169978,0.005,0.009077201447527142,True
BTC->ETH,4,xcorr,-0.01357055800421335,0.002315009632011307,0.009077201447527142,True
BTC->ETH,4,ols_hac,-1.555200542152722,0.11989831523866734,0.16096963821069968,False
BTC->ETH,4,granger,6.280858889103943,4.764190457689091e-05,0.0002715949484402304,True
BTC->ETH,4,rolling_stability,0.5652173913043478,0.6776394844055176,0.7274232696364508,False
BTC->ETH,4,mutual_info,0.010274993855626136,0.005,0.009077201447527142,True
BTC->ETH,4,transfer_entropy,0.0037009419863105464,0.005,0.009077201447527142,True
BTC->ETH,8,xcorr,0.008144887836086492,0.0674977120534629,0.09628820534640917,False
BTC->ETH,8,ols_hac,1.0826991617371926,0.2789419762309663,0.34242061519380446,False
BTC->ETH,8,granger,5.299395235612368,1.1491183159329835e-06,9.054571023450995e-06,True
BTC->ETH,8,rolling_stability,0.5652173913043478,0.6776394844055176,0.7274232696364508,False
BTC->ETH,8,mutual_info,0.009568747901527175,0.005,0.009077201447527142,True
BTC->ETH,8,transfer_entropy,0.003744625443797389,0.005,0.009077201447527142,True
BTC->ETH,24,xcorr,-0.03325694803821279,8.213996248768104e-14,1.901856054522461e-12,True
BTC->ETH,24,ols_hac,-4.968579750039774,6.744506139351938e-07,5.767319170298105e-06,True
BTC->ETH,24,granger,3.0517020857393926,7.080920239743901e-07,5.920436089341428e-06,True
BTC->ETH,24,rolling_stability,0.8260869565217391,0.002599477767944336,0.009077201447527142,True
BTC->ETH,24,mutual_info,0.011611255714190971,0.005,0.009077201447527142,True
BTC->ETH,24,transfer_entropy,0.0045637422813222805,0.005,0.009077201447527142,True
BTC->ETH,1,var_irf,-0.04563856808967427,1.4677003750893017e-05,9.165514790495432e-05,True
BTC->ETH,2,var_irf,-0.011427255860147138,0.2780020244139665,0.341545344280016,False
BTC->ETH,4,var_irf,-0.021891883761141397,0.03769106321275133,0.056274851324594,False
BTC->ETH,8,var_irf,-0.00907164159719811,0.38908799014304496,0.45183443299790327,False
BTC->ETH,24,var_irf,-0.010358742823016798,0.3252676694306488,0.3894414021425031,False
BTC->BNB,1,xcorr,-0.021367431725154908,2.0219506064995466e-06,1.5064532984068404e-05,True
BTC->BNB,1,ols_hac,-2.354496992836637,0.01854779377749813,0.029984023500684864,True
BTC->BNB,1,granger,2.0384452645377067,0.1533726474083806,0.20089280622246547,False
BTC->BNB,1,rolling_stability,0.7272727272727273,0.052478790283203125,0.07623608047897751,False
BTC->BNB,1,mutual_info,0.0163017740781517,0.005,0.009077201447527142,True
BTC->BNB,1,transfer_entropy,0.0033223734687424233,0.005,0.009077201447527142,True
BTC->BNB,2,xcorr,-0.011473215189872326,0.010745007211835671,0.018439265511759048,True
BTC->BNB,2,ols_hac,-1.281441549117209,0.20003861812126067,0.25643792186754455,False
BTC->BNB,2,granger,1.3908265747937962,0.2488792506187887,0.31032582616510107,False
BTC->BNB,2,rolling_stability,0.5454545454545454,0.8318119049072266,0.8657516714283374,False
BTC->BNB,2,mutual_info,0.012839355232700633,0.005,0.009077201447527142,True
BTC->BNB,2,transfer_entropy,0.004932861384289833,0.005,0.009077201447527142,True
BTC->BNB,4,xcorr,-0.008240723959661512,0.06692864219086953,0.09556698908658315,False
BTC->BNB,4,ols_hac,-0.9355242559069779,0.34951818897382236,0.41517353938879453,False
BTC->BNB,4,granger,1.6965562222003738,0.14764454986265807,0.19474587865319928,False
BTC->BNB,4,rolling_stability,0.5,1.0,1.0,False
BTC->BNB,4,mutual_info,0.008448703417656578,0.005,0.009077201447527142,True
BTC->BNB,4,transfer_entropy,0.0033275394421568016,0.005,0.009077201447527142,True
BTC->BNB,8,xcorr,-0.0020350078659479845,0.6509578762143695,0.7088940692493677,False
BTC->BNB,8,ols_hac,-0.17380920426545876,0.8620154105419271,0.8916379332409624,False
BTC->BNB,8,granger,3.2704193870349423,0.000986855929687662,0.004231390809629434,True
BTC->BNB,8,rolling_stability,0.36363636363636365,0.28627872467041016,0.34717927528522746,False
BTC->BNB,8,mutual_info,0.009117018555430345,0.005,0.009077201447527142,True
BTC->BNB,8,transfer_entropy,0.0034511174320370763,0.005,0.009077201447527142,True
BTC->BNB,24,xcorr,-0.03495234034313462,7.60974593422727e-15,2.0092399352652704e-13,True
BTC->BNB,24,ols_hac,-4.860761045323454,1.1693533393884533e-06,9.1660248738522e-06,True
BTC->BNB,24,granger,3.6165599136714013,4.958253322880156e-09,6.32387394147003e-08,True
BTC->BNB,24,rolling_stability,0.8636363636363636,0.0008554458618164062,0.0037102190836705803,True
BTC->BNB,24,mutual_info,0.009136213556013129,0.005,0.009077201447527142,True
BTC->BNB,24,transfer_entropy,0.003007313010186863,0.005,0.009077201447527142,True
BTC->BNB,1,var_irf,-0.012395515535382493,0.14042207529474815,0.18538177484087368,False
BTC->BNB,2,var_irf,-0.006668014631011657,0.42786376260951875,0.48598865111496276,False
BTC->BNB,4,var_irf,0.015892307461486083,0.058794507699801386,0.08467534362507281,False
BTC->BNB,8,var_irf,-0.024806073053617015,0.0031790004498115014,0.009077201447527142,True
BTC->BNB,24,var_irf,0.006721663132970548,0.4242414229167184,0.48260267686293357,False
BTC->SOL,1,xcorr,-0.023318962200241357,9.690848383652387e-07,7.676172009156233e-06,True
BTC->SOL,1,ols_hac,-2.583160940569939,0.009789964225839836,0.01713243739521971,True
BTC->SOL,1,granger,7.922487941664824,0.004884571769058043,0.009077201447527142,True
BTC->SOL,1,rolling_stability,0.8,0.01181793212890625,0.020074478390523596,True
BTC->SOL,1,mutual_info,0.012977080114314088,0.005,0.009077201447527142,True
BTC->SOL,1,transfer_entropy,0.0037957346004116044,0.005,0.009077201447527142,True
BTC->SOL,2,xcorr,-0.023639696376275436,6.862853759895998e-07,5.814865914036493e-06,True
BTC->SOL,2,ols_hac,-3.2309612864502246,0.0012337464892038482,0.005186559961597183,True
BTC->SOL,2,granger,8.298961112614336,0.00024916391450898525,0.0011926626563975638,True
BTC->SOL,2,rolling_stability,0.65,0.26317596435546875,0.32518869158865393,False
BTC->SOL,2,mutual_info,0.010417912882769276,0.005,0.009077201447527142,True
BTC->SOL,2,transfer_entropy,0.0036404688283544484,0.005,0.009077201447527142,True
BTC->SOL,4,xcorr,-0.00988531319026223,0.03789766400785392,0.05652723917920729,False
BTC->SOL,4,ols_hac,-1.328464696131676,0.18402463896011534,0.23855045791126062,False
BTC->SOL,4,granger,10.721836189206408,1.1024235751119088e-08,1.2665247943079564e-07,True
BTC->SOL,4,rolling_stability,0.45,0.8238029479980469,0.8627859685017819,False
BTC->SOL,4,mutual_info,0.007267358820485903,0.005,0.009077201447527142,True
BTC->SOL,4,transfer_entropy,0.0018683590510024661,0.005,0.009077201447527142,True
BTC->SOL,8,xcorr,0.008991935114140334,0.05898087616079125,0.08486254170362412,False
BTC->SOL,8,ols_hac,1.1485412002064483,0.2507452149056353,0.31187731275452985,False
BTC->SOL,8,granger,7.215440480273029,1.3206676453483267e-09,1.8750988738200298e-08,True
BTC->SOL,8,rolling_stability,0.6,0.5034446716308594,0.5629154760805671,False
BTC->SOL,8,mutual_info,0.006100672899215898,0.005,0.009077201447527142,True
BTC->SOL,8,transfer_entropy,0.0016405384629083475,0.005,0.009077201447527142,True
BTC->SOL,24,xcorr,-0.031151894054660227,5.991845867932226e-11,9.801878294823913e-10,True
BTC->SOL,24,ols_hac,-4.361561119566312,1.2913771030791912e-05,8.200517046979674e-05,True
BTC->SOL,24,granger,4.855911355273265,4.1975845998759234e-14,1.0189298101311717e-12,True
BTC->SOL,24,rolling_stability,0.85,0.0025768280029296875,0.009077201447527142,True
BTC->SOL,24,mutual_info,0.0083144505368562,0.005,0.009077201447527142,True
BTC->SOL,24,transfer_entropy,0.0030358520884894435,0.005,0.009077201447527142,True
BTC->SOL,1,var_irf,-0.033861212429665125,0.007697569487990426,0.013709872283343895,True
BTC->SOL,2,var_irf,-0.038491133562580826,0.0024567387463105793,0.009077201447527142,True
BTC->SOL,4,var_irf,-0.028343448345932935,0.02579388360718378,0.04077709540841554,True
BTC->SOL,8,var_irf,-0.022471972250138087,0.07711120420408213,0.10886713163897148,False
BTC->SOL,24,var_irf,-0.06273674967373767,7.808051477098214e-07,6.386476887517833e-06,True
BTC->XRP,1,xcorr,-0.024196461957896966,5.978442482987848e-08,6.038628145568263e-07,True
BTC->XRP,1,ols_hac,-2.844463528642971,0.004448627841284538,0.009077201447527142,True
BTC->XRP,1,granger,2.87130437296225,0.09017797087324138,0.12554842383369866,False
BTC->XRP,1,rolling_stability,0.6956521739130435,0.0931396484375,0.12824809780277904,False
BTC->XRP,1,mutual_info,0.01343718676227601,0.005,0.009077201447527142,True
BTC->XRP,1,transfer_entropy,0.0027497229047297456,0.005,0.009077201447527142,True
BTC->XRP,2,xcorr,-0.01250779423214243,0.005093595013085699,0.009235976499631298,True
BTC->XRP,2,ols_hac,-1.892060820102054,0.05848287776374716,0.08430721363452057,False
BTC->XRP,2,granger,1.4860744160726878,0.22626907862283335,0.28403401468659356,False
BTC->XRP,2,rolling_stability,0.7391304347826086,0.03468966484069824,0.05220794558525085,False
BTC->XRP,2,mutual_info,0.009959382751604462,0.005,0.009077201447527142,True
BTC->XRP,2,transfer_entropy,0.0037077859774929944,0.005,0.009077201447527142,True
BTC->XRP,4,xcorr,-0.005462325432635379,0.2212514365605993,0.27864720671439497,False
BTC->XRP,4,ols_hac,-0.7069637417823248,0.479589010383615,0.5402555843019017,False
BTC->XRP,4,granger,1.5303073436536438,0.19029390786612022,0.24519891381721826,False
BTC->XRP,4,rolling_stability,0.5217391304347826,1.0,1.0,False
BTC->XRP,4,mutual_info,0.007482135176842153,0.005,0.009077201447527142,True
BTC->XRP,4,transfer_entropy,0.003032791111378108,0.005,0.009077201447527142,True
BTC->XRP,8,xcorr,0.010836693269879068,0.015233132933249849,0.025217652596899835,True
BTC->XRP,8,ols_hac,1.2370540461679225,0.21606701858344513,0.27303179090519303,False
BTC->XRP,8,granger,2.2897016300599913,0.01898252476647141,0.030653111344999436,True
BTC->XRP,8,rolling_stability,0.6521739130434783,0.21003961563110352,0.26630970642359797,False
BTC->XRP,8,mutual_info,0.007016073573037129,0.005,0.009077201447527142,True
BTC->XRP,8,transfer_entropy,0.0026563615233039517,0.005,0.009077201447527142,True
BTC->XRP,24,xcorr,-0.025810398744504193,7.422052840211747e-09,9.008217358482807e-08,True
BTC->XRP,24,ols_hac,-3.8877213511928654,0.00010118969583494181,0.0005419590470874998,True
BTC->XRP,24,granger,3.6372869180903082,4.109965390238211e-09,5.286750352400433e-08,True
BTC->XRP,24,rolling_stability,0.7391304347826086,0.03468966484069824,0.05220794558525085,False
BTC->XRP,24,mutual_info,0.007987139972568613,0.005,0.009077201447527142,True
BTC->XRP,24,transfer_entropy,0.0028591570691707258,0.005,0.009077201447527142,True
BTC->XRP,1,var_irf,-0.015646967273729197,0.09622537176578858,0.13213429243386113,False
BTC->XRP,2,var_irf,-0.002731580424313794,0.7715855039753599,0.817771960199237,False
BTC->XRP,4,var_irf,0.0016939681097582412,0.8571166755245359,0.8884026147826629,False
BTC->XRP,8,var_irf,0.012393483803171925,0.18769372502962522,0.2428882684175288,False
BTC->XRP,24,var_irf,-0.027572684816164407,0.003353473190222102,0.009077201447527142,True
BTC->ADA,1,xcorr,-0.030548493576287982,9.74268319564052e-12,1.7665949649926485e-10,True
BTC->ADA,1,ols_hac,-3.5700137198485877,0.0003569625313717242,0.0016530111068136764,True
BTC->ADA,1,granger,5.813671987500127,0.015905662451378522,0.026190396049589358,True
BTC->ADA,1,rolling_stability,0.7727272727272727,0.01690053939819336,0.02755721754526653,True
BTC->ADA,1,mutual_info,0.0106812402825196,0.005,0.009077201447527142,True
BTC->ADA,1,transfer_entropy,0.0024739220648863913,0.005,0.009077201447527142,True
BTC->ADA,2,xcorr,-0.02243192391607694,5.730390779646741e-07,5.014091932190899e-06,True
BTC->ADA,2,ols_hac,-3.4074168061431056,0.0006558089720900953,0.0029287611364854403,True
BTC->ADA,2,granger,11.003045391481082,1.6691542737907645e-05,0.00010295398287111067,True
BTC->ADA,2,rolling_stability,0.7727272727272727,0.01690053939819336,0.02755721754526653,True
BTC->ADA,2,mutual_info,0.009345578813103828,0.005,0.009077201447527142,True
BTC->ADA,2,transfer_entropy,0.0037669779740174825,0.005,0.009077201447527142,True
BTC->ADA,4,xcorr,-0.007265091204605654,0.10541502197495203,0.14396516159011144,False
BTC->ADA,4,ols_hac,-0.7839383420434548,0.433076290329243,0.4915383234883188,False
BTC->ADA,4,granger,8.080408462857767,1.6519670341700343e-06,1.24935195297784e-05,True
BTC->ADA,4,rolling_stability,0.5454545454545454,0.8318119049072266,0.8657516714283374,False
BTC->ADA,4,mutual_info,0.006642689651740419,0.005,0.009077201447527142,True
BTC->ADA,4,transfer_entropy,0.0024195122673984493,0.005,0.009077201447527142,True
BTC->ADA,8,xcorr,0.0037159119931574765,0.4075890668457459,0.4661257945310392,False
BTC->ADA,8,ols_hac,0.4253239931886099,0.6706005052386166,0.725559856494693,False
BTC->ADA,8,granger,4.845339190811903,5.469253500134156e-06,3.7287431443429516e-05,True
BTC->ADA,8,rolling_stability,0.6363636363636364,0.28627872467041016,0.34717927528522746,False
BTC->ADA,8,mutual_info,0.005827596017310643,0.005,0.009077201447527142,True
BTC->ADA,8,transfer_entropy,0.0020554992090500157,0.005,0.009077201447527142,True
BTC->ADA,24,xcorr,-0.04097047338255305,6.485037368599028e-20,2.8705827175710405e-18,True
BTC->ADA,24,ols_hac,-5.76990868862946,7.931449784264587e-09,9.549465540254563e-08,True
BTC->ADA,24,granger,3.73913734640244,1.629621958461861e-09,2.1772635734093087e-08,True
BTC->ADA,24,rolling_stability,0.9090909090909091,0.00012111663818359375,0.0006373445470849951,True
BTC->ADA,24,mutual_info,0.00645842963022103,0.005,0.009077201447527142,True
BTC->ADA,24,transfer_entropy,0.002423893067659666,0.005,0.009077201447527142,True
BTC->ADA,1,var_irf,-0.025532148736242308,0.012464109303941725,0.021100657483050952,True
BTC->ADA,2,var_irf,-0.03982799433680144,9.783547649836766e-05,0.0005296488925541127,True
BTC->ADA,4,var_irf,-0.03222294092387691,0.0016255727252347865,0.006666176979505051,True
BTC->ADA,8,var_irf,-0.008756854089647869,0.39146519405134106,0.4542445004219493,False
BTC->ADA,24,var_irf,-0.040645522933025445,6.78548171528785e-05,0.0003740714278940738,True
BTC->DOGE,1,xcorr,-0.021674941129477394,3.492218250097096e-06,2.5027564125695853e-05,True
BTC->DOGE,1,ols_hac,-2.6345573845181134,0.008424706177660776,0.014951866506343711,True
BTC->DOGE,1,granger,5.997034439129537,0.014333667070865358,0.023915930090523684,True
BTC->DOGE,1,rolling_stability,0.7619047619047619,0.02660369873046875,0.04157691234616352,True
BTC->DOGE,1,mutual_info,0.012724293746558146,0.005,0.009077201447527142,True
BTC->DOGE,1,transfer_entropy,0.0028063228393524486,0.005,0.009077201447527142,True
BTC->DOGE,2,xcorr,-0.0112764049872184,0.015802842846540502,0.026049593082194365,True
BTC->DOGE,2,ols_hac,-0.9818425814151042,0.32617740670007145,0.3902201884607373,False
BTC->DOGE,2,granger,3.5351976857198686,0.029160948819321263,0.045151469108105455,True
BTC->DOGE,2,rolling_stability,0.6666666666666666,0.18924713134765625,0.24405906827611196,False
BTC->DOGE,2,mutual_info,0.008648968100605448,0.005,0.009077201447527142,True
BTC->DOGE,2,transfer_entropy,0.0038179208803075237,0.005,0.009077201447527142,True
BTC->DOGE,4,xcorr,-0.0009864313754123295,0.8327994744238723,0.8661805176281463,False
BTC->DOGE,4,ols_hac,-0.12922551488315923,0.8971792075191832,0.9235668312697475,False
BTC->DOGE,4,granger,3.361449050922477,0.009297802787493611,0.016347188312123697,True
BTC->DOGE,4,rolling_stability,0.47619047619047616,1.0,1.0,False
BTC->DOGE,4,mutual_info,0.0063352803121037304,0.005,0.009077201447527142,True
BTC->DOGE,4,transfer_entropy,0.0024890229783911533,0.005,0.009077201447527142,True
BTC->DOGE,8,xcorr,0.017644073750873738,0.0001590397293715481,0.0008102416067875187,True
BTC->DOGE,8,ols_hac,2.228785734633777,0.02582816455400601,0.04078844454751211,True
BTC->DOGE,8,granger,3.573351534320806,0.0003756832755567266,0.0017343660420640293,True
BTC->DOGE,8,rolling_stability,0.7619047619047619,0.02660369873046875,0.04157691234616352,True
BTC->DOGE,8,mutual_info,0.004936634745702939,0.005,0.009077201447527142,True
BTC->DOGE,8,transfer_entropy,0.0018747991590173374,0.005,0.009077201447527142,True
BTC->DOGE,24,xcorr,-0.028862766538053402,6.458238188443293e-10,9.623414330304115e-09,True
BTC->DOGE,24,ols_hac,-3.809105415761224,0.00013947049008733315,0.0007188461903473849,True
BTC->DOGE,24,granger,5.842356758877904,2.2944571380713635e-18,8.854251263583082e-17,True
BTC->DOGE,24,rolling_stability,0.9047619047619048,0.00022125244140625,0.0010741449171496975,True
BTC->DOGE,24,mutual_info,0.006858998359539736,0.005,0.009077201447527142,True
BTC->DOGE,24,transfer_entropy,0.0024105197668082834,0.005,0.009077201447527142,True
BTC->DOGE,1,var_irf,-0.02115049775353934,0.08042399315044861,0.11290868441364288,False
BTC->DOGE,2,var_irf,0.014953140721467327,0.21664030294765524,0.2732972807512331,False
BTC->DOGE,4,var_irf,-0.02675768606447311,0.027099039828026666,0.04221951857265024,True
BTC->DOGE,8,var_irf,-0.008488627704484475,0.48326275494536675,0.5439868707500202,False
BTC->DOGE,24,var_irf,0.02668885746079349,0.027794336299791875,0.043213301788416085,True
BTC->AVAX,1,xcorr,-0.024743695219966826,2.0845435929134776e-07,1.9607738170842397e-06,True
BTC->AVAX,1,ols_hac,-3.384909069668504,0.0007120183722945172,0.0031517283832448485,True
BTC->AVAX,1,granger,0.708834680639454,0.3998355167901532,0.462886502130139,False
BTC->AVAX,1,rolling_stability,0.8,0.01181793212890625,0.020074478390523596,True
BTC->AVAX,1,mutual_info,0.01372946002280484,0.005,0.009077201447527142,True
BTC->AVAX,1,transfer_entropy,0.0031348003673095093,0.005,0.009077201447527142,True
BTC->AVAX,2,xcorr,-0.024039234905921317,4.564463080917644e-07,4.040892315753561e-06,True
BTC->AVAX,2,ols_hac,-3.4778546315347216,0.0005054439573127633,0.0022775244184302657,True
BTC->AVAX,2,granger,2.5303589718144304,0.07964201729025706,0.11191525305493641,False
BTC->AVAX,2,rolling_stability,0.65,0.26317596435546875,0.32518869158865393,False
BTC->AVAX,2,mutual_info,0.011162578494731346,0.005,0.009077201447527142,True
BTC->AVAX,2,transfer_entropy,0.004300073984610631,0.005,0.009077201447527142,True
BTC->AVAX,4,xcorr,-0.011223470802653073,0.018548256398098078,0.029984023500684864,True
BTC->AVAX,4,ols_hac,-1.5285382907246503,0.1263789441146212,0.1690669430155599,False
BTC->AVAX,4,granger,1.6958964366811706,0.14779738891196023,0.19477676910026284,False
BTC->AVAX,4,rolling_stability,0.5,1.0,1.0,False
BTC->AVAX,4,mutual_info,0.0073527195757487895,0.005,0.009077201447527142,True
BTC->AVAX,4,transfer_entropy,0.0030815930431544736,0.005,0.009077201447527142,True
BTC->AVAX,8,xcorr,0.011004016048295604,0.02097433172865753,0.03361700665775248,True
BTC->AVAX,8,ols_hac,1.5875412336229822,0.11239011587684324,0.15252220414305598,False
BTC->AVAX,8,granger,2.179662957282294,0.02588474082799785,0.04083494229154797,True
BTC->AVAX,8,rolling_stability,0.55,0.8238029479980469,0.8627859685017819,False
BTC->AVAX,8,mutual_info,0.006959520328131408,0.005,0.009077201447527142,True
BTC->AVAX,8,transfer_entropy,0.003092841072841246,0.005,0.009077201447527142,True
BTC->AVAX,24,xcorr,-0.03779288747294414,2.1611195999029563e-15,6.136764146894244e-14,True
BTC->AVAX,24,ols_hac,-5.192841967744302,2.071079770884758e-07,1.9603616699255098e-06,True
BTC->AVAX,24,granger,2.648781614211205,1.987537322729562e-05,0.00012159527116699148,True
BTC->AVAX,24,rolling_stability,0.75,0.04138946533203125,0.061009936654953016,False
BTC->AVAX,24,mutual_info,0.010138539533350865,0.005,0.009077201447527142,True
BTC->AVAX,24,transfer_entropy,0.003770395603272192,0.005,0.009077201447527142,True
BTC->AVAX,1,var_irf,-0.0076267335610770565,0.5519748725897251,0.6085876800348251,False
BTC->AVAX,2,var_irf,-0.025685233048147446,0.04529638828085426,0.0665083554757909,False
BTC->AVAX,4,var_irf,-0.015941171349098573,0.21420052272373413,0.2709006610917814,False
BTC->AVAX,8,var_irf,-0.013932393786844445,0.27758421917381604,0.3413106616475434,False
BTC->AVAX,24,var_irf,-0.05886331403119019,4.394389755059071e-06,3.061831750631436e-05,True
BTC->DOT,1,xcorr,-0.024031495398185318,3.657806663563607e-07,3.2767851361090644e-06,True
BTC->DOT,1,ols_hac,-3.056255796574547,0.002241199636498414,0.008970759183324769,True
BTC->DOT,1,granger,0.002116935005666919,0.9633023556012147,0.9828949458846291,False
BTC->DOT,1,rolling_stability,0.75,0.04138946533203125,0.061009936654953016,False
BTC->DOT,1,mutual_info,0.015603451450253658,0.005,0.009077201447527142,True
BTC->DOT,1,transfer_entropy,0.0036200846730505276,0.005,0.009077201447527142,True
BTC->DOT,2,xcorr,-0.026313861361517064,2.559090909690273e-08,2.751022727917044e-07,True
BTC->DOT,2,ols_hac,-3.6033080595012406,0.00031419278255755064,0.001463963274765058,True
BTC->DOT,2,granger,0.5524878156126779,0.5755201735094899,0.632693835742719,False
BTC->DOT,2,rolling_stability,0.8,0.01181793212890625,0.020074478390523596,True
BTC->DOT,2,mutual_info,0.011102436119696524,0.005,0.009077201447527142,True
BTC->DOT,2,transfer_entropy,0.004036583732689447,0.005,0.009077201447527142,True
BTC->DOT,4,xcorr,-0.0024312859620881223,0.6069358988793465,0.6638361393992852,False
BTC->DOT,4,ols_hac,-0.29758178769812954,0.7660223764777204,0.8130209284901053,False
BTC->DOT,4,granger,1.5895892738603765,0.17395717771109437,0.2258891738181165,False
BTC->DOT,4,rolling_stability,0.4,0.5034446716308594,0.5629154760805671,False
BTC->DOT,4,mutual_info,0.008129922939409173,0.005,0.009077201447527142,True
BTC->DOT,4,transfer_entropy,0.003394978923384695,0.005,0.009077201447527142,True
BTC->DOT,8,xcorr,0.011336987161984516,0.016441375066286276,0.02701339462310136,True
BTC->DOT,8,ols_hac,1.51829099716621,0.12894105623437263,0.1721883670210566,False
BTC->DOT,8,granger,1.8434042569868718,0.0642809570546527,0.0920483733275474,False
BTC->DOT,8,rolling_stability,0.75,0.04138946533203125,0.061009936654953016,False
BTC->DOT,8,mutual_info,0.007774981781825563,0.005,0.009077201447527142,True
BTC->DOT,8,transfer_entropy,0.0028251711885833863,0.005,0.009077201447527142,True
BTC->DOT,24,xcorr,-0.03481507102016525,1.7098775263834245e-13,3.676236681724362e-12,True
BTC->DOT,24,ols_hac,-4.552417253815525,5.303302206904598e-06,3.644506767758639e-05,True
BTC->DOT,24,granger,1.8868058574718753,0.0054091072360107715,0.009784502872831984,True
BTC->DOT,24,rolling_stability,0.8,0.01181793212890625,0.020074478390523596,True
BTC->DOT,24,mutual_info,0.009435246248054696,0.005,0.009077201447527142,True
BTC->DOT,24,transfer_entropy,0.0031172457585366686,0.005,0.009077201447527142,True
BTC->DOT,1,var_irf,0.00018740976910038704,0.9870609574969115,1.0,False
BTC->DOT,2,var_irf,0.013313012456074259,0.24958723198944144,0.31095098025174617,False
BTC->DOT,4,var_irf,-0.015057585755982617,0.19319637845073856,0.24872587644855562,False
BTC->DOT,8,var_irf,0.006311903658220678,0.5853157378136733,0.6420555287241825,False
BTC->DOT,24,var_irf,-0.016293426372693605,0.15742696322956085,0.2055659447094761,False
BTC->LINK,1,xcorr,-0.023862834515936036,9.443524985035492e-08,9.350332304262114e-07,True
BTC->LINK,1,ols_hac,-2.58684934830463,0.0096857929731216,0.016969870110067526,True
BTC->LINK,1,granger,8.494916362611034,0.003562980378624977,0.009077201447527142,True
BTC->LINK,1,rolling_stability,0.6086956521739131,0.4048728942871094,0.4633716394692773,False
BTC->LINK,1,mutual_info,0.01092340887153398,0.005,0.009077201447527142,True
BTC->LINK,1,transfer_entropy,0.0024383905158631425,0.005,0.009077201447527142,True
BTC->LINK,2,xcorr,-0.02877110194762708,1.2311015733250707e-10,1.9300081956814913e-09,True
BTC->LINK,2,ols_hac,-3.687761760303382,0.0002262353162942473,0.0010948043441248944,True
BTC->LINK,2,granger,9.837094091347135,5.3535839535451854e-05,0.00030176568726912,True
BTC->LINK,2,rolling_stability,0.7391304347826086,0.03468966484069824,0.05220794558525085,False
BTC->LINK,2,mutual_info,0.008146000776021456,0.005,0.009077201447527142,True
BTC->LINK,2,transfer_entropy,0.0038000758207414886,0.005,0.009077201447527142,True
BTC->LINK,4,xcorr,-0.006121328766680624,0.17104849064344996,0.2223039537291815,False
BTC->LINK,4,ols_hac,-0.8218897588921585,0.4111396420882847,0.46947280830263155,False
BTC->LINK,4,granger,9.317260303398388,1.595359944632185e-07,1.5391132799175889e-06,True
BTC->LINK,4,rolling_stability,0.5217391304347826,1.0,1.0,False
BTC->LINK,4,mutual_info,0.006164740616524611,0.005,0.009077201447527142,True
BTC->LINK,4,transfer_entropy,0.002132880155310213,0.005,0.009077201447527142,True
BTC->LINK,8,xcorr,0.004010775508783083,0.36978436754601285,0.43580694843911455,False
BTC->LINK,8,ols_hac,0.4432571608424104,0.6575797380099175,0.7145541557436288,False
BTC->LINK,8,granger,5.766235712919813,2.2638687726789953e-07,2.090259204222017e-06,True
BTC->LINK,8,rolling_stability,0.6521739130434783,0.21003961563110352,0.26630970642359797,False
BTC->LINK,8,mutual_info,0.005524751037706999,0.005,0.009077201447527142,True
BTC->LINK,8,transfer_entropy,0.0016349861123561293,0.005,0.009077201447527142,True
BTC->LINK,24,xcorr,-0.02539650942375421,1.344738420247248e-08,1.5216776860692544e-07,True
BTC->LINK,24,ols_hac,-2.9033306360214697,0.0036921661142418232,0.009077201447527142,True
BTC->LINK,24,granger,3.7457311828484667,1.5342194028267006e-09,2.0990910920492585e-08,True
BTC->LINK,24,rolling_stability,0.7391304347826086,0.03468966484069824,0.05220794558525085,False
BTC->LINK,24,mutual_info,0.006585165740197407,0.005,0.009077201447527142,True
BTC->LINK,24,transfer_entropy,0.002037716673912504,0.005,0.009077201447527142,True
BTC->LINK,1,var_irf,-0.03282283388328661,0.002988033439286416,0.009077201447527142,True
BTC->LINK,2,var_irf,-0.033852964321810446,0.0022035666517775344,0.008843647495800504,True
BTC->LINK,4,var_irf,-0.04559576195944331,3.768193641163941e-05,0.00021981129573456324,True
BTC->LINK,8,var_irf,-0.012893100889166845,0.24385447246978653,0.3045651295162064,False
BTC->LINK,24,var_irf,-0.012054617698806384,0.2752104367165955,0.3389457506206843,False
BTC->LTC,1,xcorr,-0.026956253932009542,1.6042405957776806e-09,2.1751190059868555e-08,True
BTC->LTC,1,ols_hac,-3.3621685634736513,0.0007733290037099704,0.003413079620479488,True
BTC->LTC,1,granger,1.152927631661346,0.2829423056674016,0.3470473024093074,False
BTC->LTC,1,rolling_stability,0.7391304347826086,0.03468966484069824,0.05220794558525085,False
BTC->LTC,1,mutual_info,0.015782483495287103,0.005,0.009077201447527142,True
BTC->LTC,1,transfer_entropy,0.0031509627338253132,0.005,0.009077201447527142,True
BTC->LTC,2,xcorr,-0.016429411866623722,0.0002361997463415313,0.0011357208250607177,True
BTC->LTC,2,ols_hac,-2.2341424976806783,0.025473698523796474,0.04031326632840557,True
BTC->LTC,2,granger,1.1153386140249537,0.32781240508203857,0.3916542026458761,False
BTC->LTC,2,rolling_stability,0.6956521739130435,0.0931396484375,0.12824809780277904,False
BTC->LTC,2,mutual_info,0.010597261250956613,0.005,0.009077201447527142,True
BTC->LTC,2,transfer_entropy,0.003957518359019918,0.005,0.009077201447527142,True
BTC->LTC,4,xcorr,-0.005243733581108393,0.2406303932088496,0.30103802309170297,False
BTC->LTC,4,ols_hac,-0.613564322558558,0.5395032655934975,0.5965851687863437,False
BTC->LTC,4,granger,0.8857072366430733,0.47140428536079415,0.5318316712653638,False
BTC->LTC,4,rolling_stability,0.43478260869565216,0.6776394844055176,0.7274232696364508,False
BTC->LTC,4,mutual_info,0.008429342274617113,0.005,0.009077201447527142,True
BTC->LTC,4,transfer_entropy,0.0029354981679898806,0.005,0.009077201447527142,True
BTC->LTC,8,xcorr,0.0030069208798175905,0.5010316884787474,0.5614688690696312,False
BTC->LTC,8,ols_hac,0.3614391594396181,0.7177711787296575,0.7666753896296199,False
BTC->LTC,8,granger,0.9887798770805488,0.4423020011053992,0.5005792986854022,False
BTC->LTC,8,rolling_stability,0.5217391304347826,1.0,1.0,False
BTC->LTC,8,mutual_info,0.006373948182253564,0.005,0.009077201447527142,True
BTC->LTC,8,transfer_entropy,0.0016451941262114467,0.005,0.009077201447527142,True
BTC->LTC,24,xcorr,-0.03032768481999551,1.1324670907590264e-11,2.0051329077556877e-10,True
BTC->LTC,24,ols_hac,-4.755737192949684,1.9772355468200447e-06,1.4804674119224712e-05,True
BTC->LTC,24,granger,2.8741746212878967,3.152185649487203e-06,2.269875312190546e-05,True
BTC->LTC,24,rolling_stability,0.782608695652174,0.010622024536132812,0.01824902617223731,True
BTC->LTC,24,mutual_info,0.007929360001420083,0.005,0.009077201447527142,True
BTC->LTC,24,transfer_entropy,0.0024430042924268314,0.005,0.009077201447527142,True
BTC->LTC,1,var_irf,0.01267062048879122,0.20695679793049693,0.264181493541474,False
BTC->LTC,2,var_irf,0.006265734603404006,0.5329492834188554,0.5912157051073619,False
BTC->LTC,4,var_irf,-0.009206910397541068,0.3596675397604142,0.4255500372165278,False
BTC->LTC,8,var_irf,0.0006380808280179867,0.9493692932965903,0.9719733240893662,False
BTC->LTC,24,var_irf,-0.022186359309734928,0.027055949829325913,0.04219606683226477,True
BTC->BCH,1,xcorr,-0.006579739742728522,0.13964991854062675,0.18452425584165344,False
BTC->BCH,1,ols_hac,-0.576093179492322,0.5645522013252569,0.621999314051619,False
BTC->BCH,1,granger,0.14979138457577207,0.6987364326925138,0.7484685631332622,False
BTC->BCH,1,rolling_stability,0.6086956521739131,0.4048728942871094,0.4633716394692773,False
BTC->BCH,1,mutual_info,0.014108367815968581,0.005,0.009077201447527142,True
BTC->BCH,1,transfer_entropy,0.002406521426086883,0.005,0.009077201447527142,True
BTC->BCH,2,xcorr,-0.022154639245558275,6.551018474354859e-07,5.6338758879451785e-06,True
BTC->BCH,2,ols_hac,-2.269091816417361,0.02326274293150335,0.03704807207609793,True
BTC->BCH,2,granger,0.1490118832512028,0.8615592563502188,0.8916379332409624,False
BTC->BCH,2,rolling_stability,0.782608695652174,0.010622024536132812,0.01824902617223731,True
BTC->BCH,2,mutual_info,0.009388878940816525,0.005,0.009077201447527142,True
BTC->BCH,2,transfer_entropy,0.0032199300212942816,0.005,0.009077201447527142,True
BTC->BCH,4,xcorr,-0.0037685271572072162,0.39756997943612604,0.4606180285229944,False
BTC->BCH,4,ols_hac,-0.4258385688582213,0.6702254806687471,0.725559856494693,False
BTC->BCH,4,granger,3.7683308419177615,0.004555460628974563,0.009077201447527142,True
BTC->BCH,4,rolling_stability,0.43478260869565216,0.6776394844055176,0.7274232696364508,False
BTC->BCH,4,mutual_info,0.0062364736615792005,0.005,0.009077201447527142,True
BTC->BCH,4,transfer_entropy,0.002110811257344025,0.005,0.009077201447527142,True
BTC->BCH,8,xcorr,0.0039053209933128984,0.3806808663721545,0.4458130050847851,False
BTC->BCH,8,ols_hac,0.48101847133011144,0.630503370772658,0.6881128158178754,False
BTC->BCH,8,granger,2.569414441441292,0.00843660429025831,0.01495534682784306,True
BTC->BCH,8,rolling_stability,0.5217391304347826,1.0,1.0,False
BTC->BCH,8,mutual_info,0.0063302956175301794,0.005,0.009077201447527142,True
BTC->BCH,8,transfer_entropy,0.0022216365821750017,0.005,0.009077201447527142,True
BTC->BCH,24,xcorr,-0.03338117760541722,6.64205663930012e-14,1.5619211315854188e-12,True
BTC->BCH,24,ols_hac,-4.907693618855234,9.215366335736659e-07,7.3771948591934415e-06,True
BTC->BCH,24,granger,2.616057489592369,2.5782129619771457e-05,0.00015276419321951198,True
BTC->BCH,24,rolling_stability,0.8260869565217391,0.002599477767944336,0.009077201447527142,True
BTC->BCH,24,mutual_info,0.007317316915716354,0.005,0.009077201447527142,True
BTC->BCH,24,transfer_entropy,0.002269135782301479,0.005,0.009077201447527142,True
BTC->BCH,1,var_irf,-0.0015934160214842777,0.870356893124296,0.8996477501044406,False
BTC->BCH,2,var_irf,-0.0017884667345502334,0.8546441977098185,0.8864503911462969,False
BTC->BCH,4,var_irf,0.011698697642321683,0.23107148895140528,0.2895608583446003,False
BTC->BCH,8,var_irf,-0.021647133916838174,0.0266685291599454,0.041634996250744634,True
BTC->BCH,24,var_irf,-0.031256102057949625,0.0013561587321042148,0.005653791944090978,True
BTC->TRX,1,xcorr,-0.01581873327956171,0.00040778398748012924,0.0018710820157243737,True
BTC->TRX,1,ols_hac,-1.5265918848415188,0.12686252622389654,0.16956314561897362,False
BTC->TRX,1,granger,6.919948378018989,0.008526559928276056,0.01509702669653584,True
BTC->TRX,1,rolling_stability,0.6956521739130435,0.0931396484375,0.12824809780277904,False
BTC->TRX,1,mutual_info,0.013108612849024315,0.005,0.009077201447527142,True
BTC->TRX,1,transfer_entropy,0.0023413962736280602,0.005,0.009077201447527142,True
BTC->TRX,2,xcorr,-0.014511953870598846,0.0011830855250569668,0.005001777922468989,True
BTC->TRX,2,ols_hac,-1.8962511878908048,0.05792683742475553,0.08366592161636956,False
BTC->TRX,2,granger,4.093165553870134,0.01669192826533193,0.027365307232379687,True
BTC->TRX,2,rolling_stability,0.4782608695652174,1.0,1.0,False
BTC->TRX,2,mutual_info,0.009877271408838872,0.005,0.009077201447527142,True
BTC->TRX,2,transfer_entropy,0.002802591800964649,0.005,0.009077201447527142,True
BTC->TRX,4,xcorr,-0.0022118079148951693,0.6211439194902977,0.6788827878234553,False
BTC->TRX,4,ols_hac,-0.24127147608084934,0.8093447167391234,0.852388942401946,False
BTC->TRX,4,granger,2.1074285427948976,0.07706345993329525,0.10886713163897148,False
BTC->TRX,4,rolling_stability,0.43478260869565216,0.6776394844055176,0.7274232696364508,False
BTC->TRX,4,mutual_info,0.007953219872568251,0.005,0.009077201447527142,True
BTC->TRX,4,transfer_entropy,0.0018384799885362568,0.005,0.009077201447527142,True
BTC->TRX,8,xcorr,-0.000634790701035368,0.887203118099038,0.9145484196842822,False
BTC->TRX,8,ols_hac,-0.061699415825498864,0.950802205188533,0.9721177437559391,False
BTC->TRX,8,granger,3.7617588940213427,0.0002040380268481662,0.0010168120212135435,True
BTC->TRX,8,rolling_stability,0.391304347826087,0.4048728942871094,0.4633716394692773,False
BTC->TRX,8,mutual_info,0.008400182759007002,0.005,0.009077201447527142,True
BTC->TRX,8,transfer_entropy,0.002005052251738526,0.005,0.009077201447527142,True
BTC->TRX,24,xcorr,-0.03184200662455116,1.0989465490460825e-12,2.176203363571519e-11,True
BTC->TRX,24,ols_hac,-4.379315186096702,1.1905283811430995e-05,7.592140735679511e-05,True
BTC->TRX,24,granger,2.6959590831692806,1.3581211054374394e-05,8.55218520369601e-05,True
BTC->TRX,24,rolling_stability,0.8260869565217391,0.002599477767944336,0.009077201447527142,True
BTC->TRX,24,mutual_info,0.00843865040844971,0.005,0.009077201447527142,True
BTC->TRX,24,transfer_entropy,0.002400809097462986,0.005,0.009077201447527142,True
BTC->TRX,1,var_irf,-0.020682511715400385,0.0052838924684970616,0.009569504410454968,True
BTC->TRX,2,var_irf,0.009352534083117455,0.2072668705471442,0.26435308489275594,False
BTC->TRX,4,var_irf,0.0018453880698017836,0.8035915550315595,0.8473394070694723,False
BTC->TRX,8,var_irf,-0.01615763767296046,0.02938482476823785,0.045404683035110846,True
BTC->TRX,24,var_irf,-0.012077517463887227,0.10339131298620399,0.1413296331010327,False
BTC->EOS,1,xcorr,-0.014819955957135509,0.0013070660241502011,0.005464262128739035,True
BTC->EOS,1,ols_hac,-2.1931680090135903,0.02829527652469255,0.043946740113170575,True
BTC->EOS,1,granger,0.07924818982997779,0.7783200756745231,0.8243291441873027,False
BTC->EOS,1,rolling_stability,0.6190476190476191,0.38331031799316406,0.4458130050847851,False
BTC->EOS,1,mutual_info,0.012274201554852926,0.005,0.009077201447527142,True
BTC->EOS,1,transfer_entropy,0.0020579241725200426,0.005,0.009077201447527142,True
BTC->EOS,2,xcorr,-0.015638634890206952,0.0006937884475485685,0.0030800932553409896,True
BTC->EOS,2,ols_hac,-2.3207692296970652,0.020299302047633434,0.03260453530596406,True
BTC->EOS,2,granger,1.5582544653488333,0.21051405845907392,0.26668658079200863,False
BTC->EOS,2,rolling_stability,0.6666666666666666,0.18924713134765625,0.24405906827611196,False
BTC->EOS,2,mutual_info,0.008052015194155437,0.005,0.009077201447527142,True
BTC->EOS,2,transfer_entropy,0.0032255084970675973,0.005,0.009077201447527142,True
BTC->EOS,4,xcorr,-0.007697455058881884,0.09502309550270412,0.13060251938956136,False
BTC->EOS,4,ols_hac,-0.8788816685019597,0.3794654390565182,0.4451250863445518,False
BTC->EOS,4,granger,1.0240876547426792,0.39313528693692423,0.4558309759938914,False
BTC->EOS,4,rolling_stability,0.5238095238095238,1.0,1.0,False
BTC->EOS,4,mutual_info,0.005807374580151237,0.005,0.009077201447527142,True
BTC->EOS,4,transfer_entropy,0.0018127865803587717,0.005,0.009077201447527142,True
BTC->EOS,8,xcorr,0.005197095339495948,0.2596710544788424,0.3224463176490576,False
BTC->EOS,8,ols_hac,0.6783876040558338,0.49752596660735626,0.5583717969754446,False
BTC->EOS,8,granger,0.7659052146224182,0.6329822560412501,0.6903176053203489,False
BTC->EOS,8,rolling_stability,0.47619047619047616,1.0,1.0,False
BTC->EOS,8,mutual_info,0.0056865779024573015,0.005,0.009077201447527142,True
BTC->EOS,8,transfer_entropy,0.0015928125699242734,0.005,0.009077201447527142,True
BTC->EOS,24,xcorr,-0.03167432216987346,6.335079390576914e-12,1.206872719344083e-10,True
BTC->EOS,24,ols_hac,-4.855547244576036,1.2005472547974219e-06,9.361780406580932e-06,True
BTC->EOS,24,granger,1.7079417204025276,0.016731513273553288,0.027395340676250962,True
BTC->EOS,24,rolling_stability,0.7619047619047619,0.02660369873046875,0.04157691234616352,True
BTC->EOS,24,mutual_info,0.006899606283959248,0.005,0.009077201447527142,True
BTC->EOS,24,transfer_entropy,0.002491980225507895,0.005,0.009077201447527142,True
BTC->EOS,1,var_irf,0.0011898420067925639,0.9058023740720939,0.9305341795075093,False
BTC->EOS,2,var_irf,-0.01820276720022564,0.0702997289628894,0.09990660253932818,False
BTC->EOS,4,var_irf,-0.010115876982408628,0.3145146461291328,0.3782458302770124,False
BTC->EOS,8,var_irf,-0.007723688707829762,0.4423724034894252,0.5005792986854022,False
BTC->EOS,24,var_irf,-0.0240621504447252,0.0166041777257737,0.027251131381995,True
ETH->BNB,1,xcorr,-0.014716289911536335,0.001067812855440229,0.0045655066688566615,True
ETH->BNB,1,ols_hac,-1.5684331873071882,0.1167800710516973,0.1570634557040254,False
ETH->BNB,1,granger,0.8285786163580814,0.36268829799527463,0.4277789094693482,False
ETH->BNB,1,rolling_stability,0.7272727272727273,0.052478790283203125,0.07623608047897751,False
ETH->BNB,1,mutual_info,0.017130831140940828,0.005,0.009077201447527142,True
ETH->BNB,1,transfer_entropy,0.003205234280677871,0.005,0.009077201447527142,True
ETH->BNB,2,xcorr,-0.011299632272054872,0.011995136793741685,0.020352515078445585,True
ETH->BNB,2,ols_hac,-1.2722196567636672,0.2032950853883726,0.25972759211332835,False
ETH->BNB,2,granger,0.7218093884058137,0.485877450183401,0.546521347179386,False
ETH->BNB,2,rolling_stability,0.6363636363636364,0.28627872467041016,0.34717927528522746,False
ETH->BNB,2,mutual_info,0.013450596088679045,0.005,0.009077201447527142,True
ETH->BNB,2,transfer_entropy,0.004774211000423634,0.005,0.009077201447527142,True
ETH->BNB,4,xcorr,-0.004522607028658481,0.3146603186091824,0.3782458302770124,False
ETH->BNB,4,ols_hac,-0.5545546360552505,0.5791993250469877,0.6362737110917638,False
ETH->BNB,4,granger,3.3519075562351763,0.009452970482046782,0.01660060743930036,True
ETH->BNB,4,rolling_stability,0.5909090909090909,0.5234670639038086,0.5814154473617947,False
ETH->BNB,4,mutual_info,0.009549153300762114,0.005,0.009077201447527142,True
ETH->BNB,4,transfer_entropy,0.0033492722141348352,0.005,0.009077201447527142,True
ETH->BNB,8,xcorr,0.0028011508018481986,0.5334390103407988,0.5912157051073619,False
ETH->BNB,8,ols_hac,0.2637269134913024,0.7919903555382782,0.8364529719895499,False
ETH->BNB,8,granger,2.4661026039799436,0.011423576375788166,0.01958141508606058,True
ETH->BNB,8,rolling_stability,0.5,1.0,1.0,False
ETH->BNB,8,mutual_info,0.009515392940572909,0.005,0.009077201447527142,True
ETH->BNB,8,transfer_entropy,0.003467654128814779,0.005,0.009077201447527142,True
ETH->BNB,24,xcorr,-0.037425503496240825,8.470045248525869e-17,2.897140477052598e-15,True
ETH->BNB,24,ols_hac,-5.43268926691603,5.5511024566634324e-08,5.644871079242206e-07,True
ETH->BNB,24,granger,3.30179015621481,8.164021223507338e-08,8.191234627585696e-07,True
ETH->BNB,24,rolling_stability,0.8636363636363636,0.0008554458618164062,0.0037102190836705803,True
ETH->BNB,24,mutual_info,0.009817567951082573,0.005,0.009077201447527142,True
ETH->BNB,24,transfer_entropy,0.0031192214883883906,0.005,0.009077201447527142,True
ETH->BNB,1,var_irf,0.00770769685020284,0.2573972197050215,0.31988671813051806,False
ETH->BNB,2,var_irf,-0.0041684211176335325,0.5403149747800639,0.5970440800616712,False
ETH->BNB,4,var_irf,0.022637196470235117,0.0008818091639519216,0.0038135712406541437,True
ETH->BNB,8,var_irf,-0.010876740406858848,0.11012841083349637,0.14985828056456782,False
ETH->BNB,24,var_irf,0.0032308764554261193,0.6350571748783711,0.6920789632092313,False
ETH->SOL,1,xcorr,-0.01783126493103416,0.00018045118214027813,0.000911339023896371,True
ETH->SOL,1,ols_hac,-2.065411819834571,0.038884051146068535,0.05782657803837267,False
ETH->SOL,1,granger,1.3587900907442478,0.24375358423448207,0.3045651295162064,False
ETH->SOL,1,rolling_stability,0.8,0.01181793212890625,0.020074478390523596,True
ETH->SOL,1,mutual_info,0.01233544231378847,0.005,0.009077201447527142,True
ETH->SOL,1,transfer_entropy,0.003508869304633011,0.005,0.009077201447527142,True
ETH->SOL,2,xcorr,-0.030737806023691118,1.0686938399515593e-10,1.7110470522628689e-09,True
ETH->SOL,2,ols_hac,-4.075959110725487,4.582507143903285e-05,0.0002622309221130967,True
ETH->SOL,2,granger,12.71278262568227,3.02342917368678e-06,2.1981936745886973e-05,True
ETH->SOL,2,rolling_stability,0.75,0.04138946533203125,0.061009936654953016,False
ETH->SOL,2,mutual_info,0.01009673757293239,0.005,0.009077201447527142,True
ETH->SOL,2,transfer_entropy,0.0031733692216013853,0.005,0.009077201447527142,True
ETH->SOL,4,xcorr,0.0011122072568841039,0.8153258294795395,0.8580876736830118,False
ETH->SOL,4,ols_hac,0.14903910022045394,0.8815227799847676,0.9099394951145922,False
ETH->SOL,4,granger,10.795519518401225,9.577447179042642e-09,1.1173688375549749e-07,True
ETH->SOL,4,rolling_stability,0.55,0.8238029479980469,0.8627859685017819,False
ETH->SOL,4,mutual_info,0.0068778909853679515,0.005,0.009077201447527142,True
ETH->SOL,4,transfer_entropy,0.0021260238689870814,0.005,0.009077201447527142,True
ETH->SOL,8,xcorr,0.016207624729917724,0.0006644063326524259,0.002958377309591423,True
ETH->SOL,8,ols_hac,1.8479270339246687,0.06461289909035729,0.09243575392679441,False
ETH->SOL,8,granger,7.325639504635425,8.884493185137221e-10,1.2856886772722615e-08,True
ETH->SOL,8,rolling_stability,0.5,1.0,1.0,False
ETH->SOL,8,mutual_info,0.0060741605371834595,0.005,0.009077201447527142,True
ETH->SOL,8,transfer_entropy,0.002025431603026595,0.005,0.009077201447527142,True
ETH->SOL,24,xcorr,-0.030372056532172773,1.7706275931544742e-10,2.719178089487228e-09,True
ETH->SOL,24,ols_hac,-4.3848128952821765,1.1608551330830027e-05,7.434412660808166e-05,True
ETH->SOL,24,granger,4.712891467531896,1.686146270947509e-13,3.676236681724362e-12,True
ETH->SOL,24,rolling_stability,0.85,0.0025768280029296875,0.009077201447527142,True
ETH->SOL,24,mutual_info,0.00786168392246589,0.005,0.009077201447527142,True
ETH->SOL,24,transfer_entropy,0.002401296612875692,0.005,0.009077201447527142,True
ETH->SOL,1,var_irf,-0.010907588792700472,0.2836337054312712,0.34717927528522746,False
ETH->SOL,2,var_irf,-0.04935344411100872,1.2327299620441032e-06,9.5631886230741e-06,True
ETH->SOL,4,var_irf,0.008419508506057405,0.4082903858964716,0.4665732959561046,False
ETH->SOL,8,var_irf,0.00024028100944772902,0.981173675603095,0.9997741244296939,False
ETH->SOL,24,var_irf,-0.04800426101076047,2.3237890867838524e-06,1.7060012563949744e-05,True
ETH->XRP,1,xcorr,-0.019233266546172207,1.6511400242993e-05,0.00010226196446791961,True
ETH->XRP,1,ols_hac,-2.451461122820558,0.014227755503416458,0.023765562744330487,True
ETH->XRP,1,granger,0.0038129334635945977,0.9507629998376811,0.9721177437559391,False
ETH->XRP,1,rolling_stability,0.6521739130434783,0.21003961563110352,0.26630970642359797,False
ETH->XRP,1,mutual_info,0.013192784868680807,0.005,0.009077201447527142,True
ETH->XRP,1,transfer_entropy,0.0031316552858424718,0.005,0.009077201447527142,True
ETH->XRP,2,xcorr,-0.012081475790145015,0.006818664515203797,0.012231335036211816,True
ETH->XRP,2,ols_hac,-1.7993381449469517,0.07196520761707437,0.1019845927153455,False
ETH->XRP,2,granger,0.029058100823295945,0.9713600423671729,0.9904450296494547,False
ETH->XRP,2,rolling_stability,0.6956521739130435,0.0931396484375,0.12824809780277904,False
ETH->XRP,2,mutual_info,0.010291329141130845,0.005,0.009077201447527142,True
ETH->XRP,2,transfer_entropy,0.0035812298180906144,0.005,0.009077201447527142,True
ETH->XRP,4,xcorr,-0.005518679172327816,0.21652285006951588,0.2732972807512331,False
ETH->XRP,4,ols_hac,-0.7670119742150071,0.4430743961856609,0.500996969390999,False
ETH->XRP,4,granger,0.049081946213530014,0.9954857661109151,1.0,False
ETH->XRP,4,rolling_stability,0.5217391304347826,1.0,1.0,False
ETH->XRP,4,mutual_info,0.008145100008318362,0.005,0.009077201447527142,True
ETH->XRP,4,transfer_entropy,0.002624256617892007,0.005,0.009077201447527142,True
ETH->XRP,8,xcorr,0.013575867972505217,0.002363645944343308,0.009077201447527142,True
ETH->XRP,8,ols_hac,1.5764008094681718,0.11493346196066591,0.15551437186511186,False
ETH->XRP,8,granger,1.012926919284322,0.42345038983142147,0.48206719871126275,False
ETH->XRP,8,rolling_stability,0.782608695652174,0.010622024536132812,0.01824902617223731,True
ETH->XRP,8,mutual_info,0.0077377982357549335,0.005,0.009077201447527142,True
ETH->XRP,8,transfer_entropy,0.002748775477912746,0.005,0.009077201447527142,True
ETH->XRP,24,xcorr,-0.03184950150049445,9.709139266038513e-13,1.9483006127183947e-11,True
ETH->XRP,24,ols_hac,-4.922129759767862,8.560741857468875e-07,6.964279186751706e-06,True
ETH->XRP,24,granger,3.189040518633312,2.1786773830900935e-07,2.0365897276711743e-06,True
ETH->XRP,24,rolling_stability,0.8695652173913043,0.00048828125,0.0022134436182228916,True
ETH->XRP,24,mutual_info,0.00788483304543508,0.005,0.009077201447527142,True
ETH->XRP,24,transfer_entropy,0.0025871561797699005,0.005,0.009077201447527142,True
ETH->XRP,1,var_irf,0.00098012886573042,0.896330960291615,0.923325184968433,False
ETH->XRP,2,var_irf,-0.00034893703408365155,0.9630147088685787,0.9828949458846291,False
ETH->XRP,4,var_irf,0.0030577269577150594,0.6844596971028165,0.7342208440055159,False
ETH->XRP,8,var_irf,0.01557870250778325,0.03844394516516343,0.05722862262469927,False
ETH->XRP,24,var_irf,-0.03464541502765875,4.093021046607071e-06,2.8785031192260007e-05,True
ETH->ADA,1,xcorr,-0.02317266330974431,2.4010716934404673e-07,2.2034224991633557e-06,True
ETH->ADA,1,ols_hac,-2.9804355948645567,0.002878387583327427,0.009077201447527142,True
ETH->ADA,1,granger,0.09396639936401692,0.7591952762645282,0.8067048854888992,False
ETH->ADA,1,rolling_stability,0.6818181818181818,0.13380050659179688,0.17741829288163374,False
ETH->ADA,1,mutual_info,0.012868118241878168,0.005,0.009077201447527142,True
ETH->ADA,1,transfer_entropy,0.0027195865890310422,0.005,0.009077201447527142,True
ETH->ADA,2,xcorr,-0.022345316569621833,6.332930016738158e-07,5.508350081696777e-06,True
ETH->ADA,2,ols_hac,-3.4908319328491197,0.00048151905572505995,0.002189384226181919,True
ETH->ADA,2,granger,7.875189277956966,0.00038053181210519665,0.001751377300361838,True
ETH->ADA,2,rolling_stability,0.6363636363636364,0.28627872467041016,0.34717927528522746,False
ETH->ADA,2,mutual_info,0.01070802571461682,0.005,0.009077201447527142,True
ETH->ADA,2,transfer_entropy,0.0044181086368904054,0.005,0.009077201447527142,True
ETH->ADA,4,xcorr,-0.0045066253459375444,0.31520141979780725,0.3785938841146847,False
ETH->ADA,4,ols_hac,-0.5271634885918646,0.5980800610690333,0.6551022502975947,False
ETH->ADA,4,granger,5.4505542020072335,0.00021986725635297986,0.0010741449171496975,True
ETH->ADA,4,rolling_stability,0.5454545454545454,0.8318119049072266,0.8657516714283374,False
ETH->ADA,4,mutual_info,0.008268001209843945,0.005,0.009077201447527142,True
ETH->ADA,4,transfer_entropy,0.0029031226410327626,0.005,0.009077201447527142,True
ETH->ADA,8,xcorr,0.0027941698287274716,0.5334690548410614,0.5912157051073619,False
ETH->ADA,8,ols_hac,0.3087007926471852,0.7575491408140457,0.8063023033416823,False
ETH->ADA,8,granger,3.2043409175107436,0.0012149917275164907,0.005122023949334226,True
ETH->ADA,8,rolling_stability,0.45454545454545453,0.8318119049072266,0.8657516714283374,False
ETH->ADA,8,mutual_info,0.006758176087567236,0.005,0.009077201447527142,True
ETH->ADA,8,transfer_entropy,0.0029709560634811893,0.005,0.009077201447527142,True
ETH->ADA,24,xcorr,-0.04170267384974958,1.412614582953715e-20,6.64370296045419e-19,True
ETH->ADA,24,ols_hac,-5.84495570139667,5.0670308897240865e-09,6.40830377229811e-08,True
ETH->ADA,24,granger,3.694812768714798,2.4399533082155006e-09,3.1931562859689814e-08,True
ETH->ADA,24,rolling_stability,0.9090909090909091,0.00012111663818359375,0.0006373445470849951,True
ETH->ADA,24,mutual_info,0.007771626546392518,0.005,0.009077201447527142,True
ETH->ADA,24,transfer_entropy,0.0031451539312108423,0.005,0.009077201447527142,True
ETH->ADA,1,var_irf,0.002699762273870601,0.7492709307770282,0.7980557330639968,False
ETH->ADA,2,var_irf,-0.03309061854018227,9.023301309677212e-05,0.0004902551794608017,True
ETH->ADA,4,var_irf,-0.020909789043221227,0.013360730896243999,0.02241683388946178,True
ETH->ADA,8,var_irf,-0.01132691309149242,0.1800925537542809,0.23365456327602827,False
ETH->ADA,24,var_irf,-0.03302735328570308,8.978670611355705e-05,0.0004895977996409542,True
ETH->DOGE,1,xcorr,-0.02318847388882152,6.91975208662964e-07,5.8180038493729655e-06,True
ETH->DOGE,1,ols_hac,-3.255000374062008,0.001133922165014184,0.004834427360754524,True
ETH->DOGE,1,granger,7.719985708651019,0.005463506110201034,0.00987104045120355,True
ETH->DOGE,1,rolling_stability,0.7142857142857143,0.0783538818359375,0.11020803005895882,False
ETH->DOGE,1,mutual_info,0.014471913852520224,0.005,0.009077201447527142,True
ETH->DOGE,1,transfer_entropy,0.002647427154971238,0.005,0.009077201447527142,True
ETH->DOGE,2,xcorr,-0.023871932261437676,3.222360079069357e-07,2.9214770596381824e-06,True
ETH->DOGE,2,ols_hac,-3.478606537788358,0.0005040280414674716,0.0022775244184302657,True
ETH->DOGE,2,granger,5.0182371325990385,0.006619818275678408,0.011888814444983298,True
ETH->DOGE,2,rolling_stability,0.8571428571428571,0.0014896392822265625,0.006125429288937095,True
ETH->DOGE,2,mutual_info,0.010420862915653917,0.005,0.009077201447527142,True
ETH->DOGE,2,transfer_entropy,0.004022852601955451,0.005,0.009077201447527142,True
ETH->DOGE,4,xcorr,-0.006398798896147747,0.17085356077568192,0.22224253151892936,False
ETH->DOGE,4,ols_hac,-0.9586799686976252,0.33771999267951214,0.4021112254609698,False
ETH->DOGE,4,granger,6.714946868868712,2.129154826291274e-05,0.00012795919650608766,True
ETH->DOGE,4,rolling_stability,0.5714285714285714,0.6636238098144531,0.7195632808146628,False
ETH->DOGE,4,mutual_info,0.007555975278666249,0.005,0.009077201447527142,True
ETH->DOGE,4,transfer_entropy,0.0032233531711216568,0.005,0.009077201447527142,True
ETH->DOGE,8,xcorr,0.010237430000640837,0.02844788533630569,0.04413821384653615,True
ETH->DOGE,8,ols_hac,1.380992589345856,0.16728123923765315,0.21790127543326812,False
ETH->DOGE,8,granger,4.645511674867144,1.0793661603490458e-05,7.03223407500136e-05,True
ETH->DOGE,8,rolling_stability,0.5714285714285714,0.6636238098144531,0.7195632808146628,False
ETH->DOGE,8,mutual_info,0.006123127325420086,0.005,0.009077201447527142,True
ETH->DOGE,8,transfer_entropy,0.0021823176158919377,0.005,0.009077201447527142,True
ETH->DOGE,24,xcorr,-0.02564921109586321,4.006728930246513e-08,4.15870830346276e-07,True
ETH->DOGE,24,ols_hac,-3.6626422314381277,0.00024962706761809476,0.0011926626563975638,True
ETH->DOGE,24,granger,6.443674266657885,4.968778466669757e-21,2.4926705307793283e-19,True
ETH->DOGE,24,rolling_stability,0.9523809523809523,2.09808349609375e-05,0.00012681187396068648,True
ETH->DOGE,24,mutual_info,0.00804146004750761,0.005,0.009077201447527142,True
ETH->DOGE,24,transfer_entropy,0.003054031041777039,0.005,0.009077201447527142,True
ETH->DOGE,1,var_irf,-0.01896676948215088,0.041165417034034514,0.061009936654953016,False
ETH->DOGE,2,var_irf,-0.015585630334904841,0.0934986557612564,0.12862475038454377,False
ETH->DOGE,4,var_irf,-0.03398069716890363,0.00025696743344790586,0.00121615090358207,True
ETH->DOGE,8,var_irf,-0.021646185717814508,0.0199117291391119,0.032016188412781414,True
ETH->DOGE,24,var_irf,0.03117201804449793,0.0008230149789207273,0.0036111881728154364,True
ETH->AVAX,1,xcorr,-0.01727321895139444,0.00029027549779049653,0.001365201950545929,True
ETH->AVAX,1,ols_hac,-2.1293797910467456,0.03322285106884444,0.05071033555640049,False
ETH->AVAX,1,granger,3.0220379309283705,0.08214718048981962,0.11522041625086535,False
ETH->AVAX,1,rolling_stability,0.65,0.26317596435546875,0.32518869158865393,False
ETH->AVAX,1,mutual_info,0.014657801444999397,0.005,0.009077201447527142,True
ETH->AVAX,1,transfer_entropy,0.003953987469323739,0.005,0.009077201447527142,True
ETH->AVAX,2,xcorr,-0.021997597536595387,3.9260032096876e-06,2.800300867573383e-05,True
ETH->AVAX,2,ols_hac,-3.3181831526100147,0.0009060505246403617,0.0039071806291797835,True
ETH->AVAX,2,granger,2.7838331748701757,0.06181204296207701,0.08859726157897706,False
ETH->AVAX,2,rolling_stability,0.7,0.11531829833984375,0.15551437186511186,False
ETH->AVAX,2,mutual_info,0.012997641212016742,0.005,0.009077201447527142,True
ETH->AVAX,2,transfer_entropy,0.004793321283607099,0.005,0.009077201447527142,True
ETH->AVAX,4,xcorr,-0.009118480250876006,0.05576466565948611,0.08069790559377557,False
ETH->AVAX,4,ols_hac,-1.2965877107945583,0.19477308310527164,0.2505414445072084,False
ETH->AVAX,4,granger,1.4927070972930547,0.20135776302096606,0.25790930497579057,False
ETH->AVAX,4,rolling_stability,0.45,0.8238029479980469,0.8627859685017819,False
ETH->AVAX,4,mutual_info,0.008484325691144434,0.005,0.009077201447527142,True
ETH->AVAX,4,transfer_entropy,0.004032693563928991,0.005,0.009077201447527142,True
ETH->AVAX,8,xcorr,0.011730334925031498,0.013861661336580629,0.023205562081817403,True
ETH->AVAX,8,ols_hac,1.5407244314125619,0.12338386807042652,0.16535415979162235,False
ETH->AVAX,8,granger,2.333689830361265,0.016746653436645106,0.027395340676250962,True
ETH->AVAX,8,rolling_stability,0.7,0.11531829833984375,0.15551437186511186,False
ETH->AVAX,8,mutual_info,0.008231595739229824,0.005,0.009077201447527142,True
ETH->AVAX,8,transfer_entropy,0.0033736963893882255,0.005,0.009077201447527142,True
ETH->AVAX,24,xcorr,-0.03614855386821989,3.291165043935848e-14,8.255338985205752e-13,True
ETH->AVAX,24,ols_hac,-5.138415165156481,2.770652241474007e-07,2.5271706808596246e-06,True
ETH->AVAX,24,granger,2.443269550527524,9.996557096025679e-05,0.0005392408039253995,True
ETH->AVAX,24,rolling_stability,0.8,0.01181793212890625,0.020074478390523596,True
ETH->AVAX,24,mutual_info,0.011261561254487962,0.005,0.009077201447527142,True
ETH->AVAX,24,transfer_entropy,0.0039522510308453995,0.005,0.009077201447527142,True
ETH->AVAX,1,var_irf,0.022055396680783476,0.03413240988840271,0.052045873234089234,False
ETH->AVAX,2,var_irf,-0.012830411915839245,0.21810263495892934,0.27491161274136405,False
ETH->AVAX,4,var_irf,-0.005904077051675404,0.5710074899913848,0.6286512600124611,False
ETH->AVAX,8,var_irf,-0.012568449727555164,0.22781574045637187,0.2857189078223664,False
ETH->AVAX,24,var_irf,-0.040733373024118724,8.969794749018374e-05,0.0004895977996409542,True
ETH->DOT,1,xcorr,-0.0179868949156246,0.00014102068804921228,0.0007243554113108003,True
ETH->DOT,1,ols_hac,-1.9329036127863684,0.05324807274789406,0.07727902554057914,False
ETH->DOT,1,granger,5.849124852385932,0.015588761981094443,0.02575311392046887,True
ETH->DOT,1,rolling_stability,0.75,0.04138946533203125,0.061009936654953016,False
ETH->DOT,1,mutual_info,0.01591206478203855,0.005,0.009077201447527142,True
ETH->DOT,1,transfer_entropy,0.0034950639151598573,0.005,0.009077201447527142,True
ETH->DOT,2,xcorr,-0.02939962973679949,4.888379128549001e-10,7.431323826733582e-09,True
ETH->DOT,2,ols_hac,-3.839354390142674,0.00012335826356917905,0.0006468786992042316,True
ETH->DOT,2,granger,5.048359528895973,0.006423511564825702,0.011563857541941006,True
ETH->DOT,2,rolling_stability,0.8,0.01181793212890625,0.020074478390523596,True
ETH->DOT,2,mutual_info,0.013270084317824615,0.005,0.009077201447527142,True
ETH->DOT,2,transfer_entropy,0.005227425237912087,0.005,0.009077201447527142,True
ETH->DOT,4,xcorr,0.004407225102415009,0.351047905104394,0.41666174856633514,False
ETH->DOT,4,ols_hac,0.5347205320885062,0.5928431215247725,0.6498389642350929,False
ETH->DOT,4,granger,2.8836277988689396,0.021181298871518605,0.033876572584097236,True
ETH->DOT,4,rolling_stability,0.65,0.26317596435546875,0.32518869158865393,False
ETH->DOT,4,mutual_info,0.009532093651980933,0.005,0.009077201447527142,True
ETH->DOT,4,transfer_entropy,0.003852992775838615,0.005,0.009077201447527142,True
ETH->DOT,8,xcorr,0.01302432271743148,0.0058503244067062326,0.010557240086442302,True
ETH->DOT,8,ols_hac,1.5424235314188146,0.12297070695593759,0.1649473386530179,False
ETH->DOT,8,granger,2.0685346461125658,0.035195524955717414,0.05286353798238993,False
ETH->DOT,8,rolling_stability,0.7,0.11531829833984375,0.15551437186511186,False
ETH->DOT,8,mutual_info,0.008591458011631747,0.005,0.009077201447527142,True
ETH->DOT,8,transfer_entropy,0.0033029971235145617,0.005,0.009077201447527142,True
ETH->DOT,24,xcorr,-0.038102170122655175,7.252966145702394e-16,2.2276967447514497e-14,True
ETH->DOT,24,ols_hac,-5.253526993198111,1.4921379516740206e-07,1.4488178175931619e-06,True
ETH->DOT,24,granger,2.044159715607842,0.0018697506112039723,0.007584837385072718,True
ETH->DOT,24,rolling_stability,0.85,0.0025768280029296875,0.009077201447527142,True
ETH->DOT,24,mutual_info,0.009964428908867617,0.005,0.009077201447527142,True
ETH->DOT,24,transfer_entropy,0.0037796433031989096,0.005,0.009077201447527142,True
ETH->DOT,1,var_irf,0.025447972533361618,0.007215947464762453,0.01289786334259797,True
ETH->DOT,2,var_irf,0.009255039018520381,0.32883168059525847,0.39245969809346865,False
ETH->DOT,4,var_irf,0.005870200719290682,0.5359809408194324,0.5935624105469064,False
ETH->DOT,8,var_irf,0.00843745266556115,0.373572975170256,0.43958352434029346,False
ETH->DOT,24,var_irf,-0.01686403947637311,0.07385398376695915,0.10456278981116983,False
ETH->LINK,1,xcorr,-0.020325352895180754,5.475430132224533e-06,3.7287431443429516e-05,True
ETH->LINK,1,ols_hac,-2.3449525699701943,0.019029500179448777,0.030696031907899688,True
ETH->LINK,1,granger,2.2035313696917536,0.13770127858119827,0.1824299509372389,False
ETH->LINK,1,rolling_stability,0.6086956521739131,0.4048728942871094,0.4633716394692773,False
ETH->LINK,1,mutual_info,0.012254695038447672,0.005,0.009077201447527142,True
ETH->LINK,1,transfer_entropy,0.0026087756796850936,0.005,0.009077201447527142,True
ETH->LINK,2,xcorr,-0.027106662788352998,1.3363744525580637e-09,1.8796668701868093e-08,True
ETH->LINK,2,ols_hac,-3.7760164227476576,0.0001593564887768143,0.0008102416067875187,True
ETH->LINK,2,granger,4.07667135897111,0.01696947715595192,0.027609797967251503,True
ETH->LINK,2,rolling_stability,0.6956521739130435,0.0931396484375,0.12824809780277904,False
ETH->LINK,2,mutual_info,0.010278115700685042,0.005,0.009077201447527142,True
ETH->LINK,2,transfer_entropy,0.00348758056577414,0.005,0.009077201447527142,True
ETH->LINK,4,xcorr,0.0012124848472557736,0.7862904093126454,0.8310161980446147,False
ETH->LINK,4,ols_hac,0.16201491896260575,0.8712941054528744,0.8999983724822073,False
ETH->LINK,4,granger,3.4082851552679587,0.008568753996076435,0.015153906890828479,True
ETH->LINK,4,rolling_stability,0.4782608695652174,1.0,1.0,False
ETH->LINK,4,mutual_info,0.007945556148312605,0.005,0.009077201447527142,True
ETH->LINK,4,transfer_entropy,0.0020128826569523195,0.005,0.009077201447527142,True
ETH->LINK,8,xcorr,0.009565506536534837,0.03243055977818283,0.04960161835992394,True
ETH->LINK,8,ols_hac,1.086024680150489,0.27746807333113543,0.3413106616475434,False
ETH->LINK,8,granger,2.5744115310038476,0.008313077423822729,0.014771170629106501,True
ETH->LINK,8,rolling_stability,0.782608695652174,0.010622024536132812,0.01824902617223731,True
ETH->LINK,8,mutual_info,0.006164598807603561,0.005,0.009077201447527142,True
ETH->LINK,8,transfer_entropy,0.0018295200365618935,0.005,0.009077201447527142,True
ETH->LINK,24,xcorr,-0.03065139726764373,7.067547394279408e-12,1.2974920550703718e-10,True
ETH->LINK,24,ols_hac,-4.0062251629439505,6.169683828783338e-05,0.0003451811956252388,True
ETH->LINK,24,granger,2.878255108210704,3.0471372371515514e-06,2.204779587458214e-05,True
ETH->LINK,24,rolling_stability,0.7391304347826086,0.03468966484069824,0.05220794558525085,False
ETH->LINK,24,mutual_info,0.00836084177905505,0.005,0.009077201447527142,True
ETH->LINK,24,transfer_entropy,0.0024151583588809533,0.005,0.009077201447527142,True
ETH->LINK,1,var_irf,-0.013733948733617121,0.15748673372094746,0.2055659447094761,False
ETH->LINK,2,var_irf,-0.021256086731809485,0.028706320506336307,0.04449331860147903,True
ETH->LINK,4,var_irf,-0.021833045649986532,0.024693817114759563,0.03916142756344904,True
ETH->LINK,8,var_irf,0.0027102309329345283,0.7804031695667588,0.825954128127969,False
ETH->LINK,24,var_irf,-0.022248422462534136,0.021905070889146956,0.03495984272339997,True
ETH->LTC,1,xcorr,-0.02437276409288144,4.896526646532614e-08,5.013110614307199e-07,True
ETH->LTC,1,ols_hac,-2.8589299772308676,0.0042507260291722426,0.009077201447527142,True
ETH->LTC,1,granger,6.1645386247693095,0.013036885837908359,0.021946882758447517,True
ETH->LTC,1,rolling_stability,0.7391304347826086,0.03468966484069824,0.05220794558525085,False
ETH->LTC,1,mutual_info,0.017357638534413855,0.005,0.009077201447527142,True
ETH->LTC,1,transfer_entropy,0.0030802353479422173,0.005,0.009077201447527142,True
ETH->LTC,2,xcorr,-0.01935655911017655,1.477602626587782e-05,9.189222946341372e-05,True
ETH->LTC,2,ols_hac,-2.6765682096827024,0.007438042391729655,0.013279067377880345,True
ETH->LTC,2,granger,3.736813159387577,0.023836570497033756,0.03792181669982643,True
ETH->LTC,2,rolling_stability,0.782608695652174,0.010622024536132812,0.01824902617223731,True
ETH->LTC,2,mutual_info,0.011997795584311355,0.005,0.009077201447527142,True
ETH->LTC,2,transfer_entropy,0.004580211793660194,0.005,0.009077201447527142,True
ETH->LTC,4,xcorr,-0.004427373753706004,0.32181760252930747,0.3859246946666197,False
ETH->LTC,4,ols_hac,-0.52619806734064,0.5987505966946408,0.6553597440184978,False
ETH->LTC,4,granger,1.9631237015475602,0.09715117616544629,0.1332839745934336,False
ETH->LTC,4,rolling_stability,0.5217391304347826,1.0,1.0,False
ETH->LTC,4,mutual_info,0.009211862136812687,0.005,0.009077201447527142,True
ETH->LTC,4,transfer_entropy,0.0036712233566578156,0.005,0.009077201447527142,True
ETH->LTC,8,xcorr,0.006622236391383199,0.13836847361381452,0.18299169840842783,False
ETH->LTC,8,ols_hac,0.7751926433214593,0.4382258346191542,0.497008199775303,False
ETH->LTC,8,granger,1.7323110388159078,0.08555877208808765,0.11955984400424506,False
ETH->LTC,8,rolling_stability,0.6956521739130435,0.0931396484375,0.12824809780277904,False
ETH->LTC,8,mutual_info,0.007524702868949795,0.005,0.009077201447527142,True
ETH->LTC,8,transfer_entropy,0.00204413971304529,0.005,0.009077201447527142,True
ETH->LTC,24,xcorr,-0.035704512290226656,1.316138167888707e-15,3.8092075820625075e-14,True
ETH->LTC,24,ols_hac,-5.817685816580441,5.966791698479704e-09,7.421505377034673e-08,True
ETH->LTC,24,granger,2.9486654609369634,1.6920649061431674e-06,1.2732788418727336e-05,True
ETH->LTC,24,rolling_stability,0.782608695652174,0.010622024536132812,0.01824902617223731,True
ETH->LTC,24,mutual_info,0.009142295007415147,0.005,0.009077201447527142,True
ETH->LTC,24,transfer_entropy,0.003238434979899729,0.005,0.009077201447527142,True
ETH->LTC,1,var_irf,0.02226098484956089,0.006831378623694395,0.012239553367452456,True
ETH->LTC,2,var_irf,-0.0010491238395954796,0.8986548546053693,0.924453558565332,False
ETH->LTC,4,var_irf,-0.005029675680961598,0.5415614852813396,0.5975440141850559,False
ETH->LTC,8,var_irf,0.010500611695730876,0.2025142488978704,0.2591019792569513,False
ETH->LTC,24,var_irf,-0.03201004072210376,0.00010048088577122209,0.0005400847610203187,True
ETH->BCH,1,xcorr,0.0013635040604067239,0.7595354303905449,0.8067048854888992,False
ETH->BCH,1,ols_hac,0.08035572620761872,0.9359543383541115,0.9595444681355162,False
ETH->BCH,1,granger,4.8506347384363915,0.027640472017500858,0.043018521599109405,True
ETH->BCH,1,rolling_stability,0.391304347826087,0.4048728942871094,0.4633716394692773,False
ETH->BCH,1,mutual_info,0.013689807304568369,0.005,0.009077201447527142,True
ETH->BCH,1,transfer_entropy,0.0023649590405705467,0.005,0.009077201447527142,True
ETH->BCH,2,xcorr,-0.024968686701111128,2.0671208378022702e-08,2.2381416265413067e-07,True
ETH->BCH,2,ols_hac,-2.3430834045972553,0.019125107216326515,0.03081722308412356,True
ETH->BCH,2,granger,3.0848227983604986,0.04574677545232487,0.06710418816349797,False
ETH->BCH,2,rolling_stability,0.782608695652174,0.010622024536132812,0.01824902617223731,True
ETH->BCH,2,mutual_info,0.009636344708551015,0.005,0.009077201447527142,True
ETH->BCH,2,transfer_entropy,0.0028636310630654194,0.005,0.009077201447527142,True
ETH->BCH,4,xcorr,-0.004992188561235922,0.262430949485449,0.32518869158865393,False
ETH->BCH,4,ols_hac,-0.5507837912832305,0.5817818966808193,0.6386446057655966,False
ETH->BCH,4,granger,5.686398755895647,0.00014264581514216742,0.000730210720370619,True
ETH->BCH,4,rolling_stability,0.5217391304347826,1.0,1.0,False
ETH->BCH,4,mutual_info,0.006291132950366318,0.005,0.009077201447527142,True
ETH->BCH,4,transfer_entropy,0.0019251424877495538,0.005,0.009077201447527142,True
ETH->BCH,8,xcorr,0.006688368086298617,0.13325768264470714,0.17732344153871288,False
ETH->BCH,8,ols_hac,0.8037020888919608,0.421569047448213,0.4802887330882366,False
ETH->BCH,8,granger,3.646240364415073,0.00029684772244521665,0.0013917626862306888,True
ETH->BCH,8,rolling_stability,0.6086956521739131,0.4048728942871094,0.4633716394692773,False
ETH->BCH,8,mutual_info,0.006524723390378906,0.005,0.009077201447527142,True
ETH->BCH,8,transfer_entropy,0.002141636468144803,0.005,0.009077201447527142,True
ETH->BCH,24,xcorr,-0.036214541823770874,4.242141586625366e-16,1.330088143306495e-14,True
ETH->BCH,24,ols_hac,-5.765440774548952,8.14446999943924e-09,9.728116943774648e-08,True
ETH->BCH,24,granger,3.5012040169237246,1.3971255939212803e-08,1.569159715560841e-07,True
ETH->BCH,24,rolling_stability,0.782608695652174,0.010622024536132812,0.01824902617223731,True
ETH->BCH,24,mutual_info,0.0072808096932490685,0.005,0.009077201447527142,True
ETH->BCH,24,transfer_entropy,0.002495517700522143,0.005,0.009077201447527142,True
ETH->BCH,1,var_irf,0.018284818388375576,0.018239713858805812,0.029580570428343476,True
ETH->BCH,2,var_irf,-0.007189276230996391,0.353320300618886,0.41902841011144476,False
ETH->BCH,4,var_irf,0.006867085318469108,0.3756862339043773,0.4413800015816455,False
ETH->BCH,8,var_irf,-0.011139215868966922,0.1507396809851909,0.1979609248540247,False
ETH->BCH,24,var_irf,-0.03111629098217507,5.938416444043947e-05,0.0003334819682196321,True
ETH->TRX,1,xcorr,-0.011140124697957174,0.012797104972471465,0.02156734936569939,True
ETH->TRX,1,ols_hac,-0.9358442090576654,0.34935340576297824,0.41517353938879453,False
ETH->TRX,1,granger,1.6639299078791498,0.19707952431359976,0.25307566902045026,False
ETH->TRX,1,rolling_stability,0.5652173913043478,0.6776394844055176,0.7274232696364508,False
ETH->TRX,1,mutual_info,0.01441666525850005,0.005,0.009077201447527142,True
ETH->TRX,1,transfer_entropy,0.002264240991740607,0.005,0.009077201447527142,True
ETH->TRX,2,xcorr,-0.011097444797309059,0.01314456750688567,0.02210343474621557,True
ETH->TRX,2,ols_hac,-1.4225708025133432,0.1548606130443463,0.20266541098412277,False
ETH->TRX,2,granger,3.6336054842476546,0.026427740163141294,0.04157691234616352,True
ETH->TRX,2,rolling_stability,0.4782608695652174,1.0,1.0,False
ETH->TRX,2,mutual_info,0.012176279159367809,0.005,0.009077201447527142,True
ETH->TRX,2,transfer_entropy,0.003162600511291025,0.005,0.009077201447527142,True
ETH->TRX,4,xcorr,-0.007110037564249756,0.11211318290791543,0.1524212649290088,False
ETH->TRX,4,ols_hac,-0.7936625045878541,0.42739193411988396,0.4858193813069678,False
ETH->TRX,4,granger,2.5851328991039613,0.035078670319244665,0.05274065817229093,False
ETH->TRX,4,rolling_stability,0.5652173913043478,0.6776394844055176,0.7274232696364508,False
ETH->TRX,4,mutual_info,0.008588019733708041,0.005,0.009077201447527142,True
ETH->TRX,4,transfer_entropy,0.0021796259727473455,0.005,0.009077201447527142,True
ETH->TRX,8,xcorr,0.001713134163560091,0.7018676335722811,0.7512879008010548,False
ETH->TRX,8,ols_hac,0.17428030011222373,0.8616451805471091,0.8916379332409624,False
ETH->TRX,8,granger,1.7441253051929078,0.08302801142171704,0.11634744617289026,False
ETH->TRX,8,rolling_stability,0.6521739130434783,0.21003961563110352,0.26630970642359797,False
ETH->TRX,8,mutual_info,0.009863226256257906,0.005,0.009077201447527142,True
ETH->TRX,8,transfer_entropy,0.002142481738559354,0.005,0.009077201447527142,True
ETH->TRX,24,xcorr,-0.03241229592846464,4.32208175316788e-13,9.034351442385637e-12,True
ETH->TRX,24,ols_hac,-4.69630205254652,2.6491371378890772e-06,1.9354132973412922e-05,True
ETH->TRX,24,granger,2.7182028858366682,1.1343552112855768e-05,7.295746123866636e-05,True
ETH->TRX,24,rolling_stability,0.7391304347826086,0.03468966484069824,0.05220794558525085,False
ETH->TRX,24,mutual_info,0.009953282669324715,0.005,0.009077201447527142,True
ETH->TRX,24,transfer_entropy,0.002814388484725594,0.005,0.009077201447527142,True
ETH->TRX,1,var_irf,-0.007147685623110469,0.22594004188360695,0.28403401468659356,False
ETH->TRX,2,var_irf,0.014726284111158373,0.012608521860555074,0.021297222671307955,True
ETH->TRX,4,var_irf,-0.005778587591605181,0.3278965417500358,0.3916542026458761,False
ETH->TRX,8,var_irf,-0.009533824443717826,0.10647984237755562,0.14528754558315612,False
ETH->TRX,24,var_irf,-0.009271482098419057,0.11638715071698487,0.15667501058055655,False
ETH->EOS,1,xcorr,-0.011342609936200853,0.013889110420990183,0.02322567909287803,True
ETH->EOS,1,ols_hac,-1.5774100521911596,0.11470120394482415,0.15551437186511186,False
ETH->EOS,1,granger,2.8453445030136333,0.0916455807909688,0.12747375146987805,False
ETH->EOS,1,rolling_stability,0.6190476190476191,0.38331031799316406,0.4458130050847851,False
ETH->EOS,1,mutual_info,0.013286106554211585,0.005,0.009077201447527142,True
ETH->EOS,1,transfer_entropy,0.0027023801932237745,0.005,0.009077201447527142,True
ETH->EOS,2,xcorr,-0.01495922210229133,0.0011760130772775653,0.004999716613849536,True
ETH->EOS,2,ols_hac,-2.1694879171231958,0.030045660713637744,0.04637817371694852,True
ETH->EOS,2,granger,2.4666892590579246,0.08487634019132802,0.11871644236798203,False
ETH->EOS,2,rolling_stability,0.6190476190476191,0.38331031799316406,0.4458130050847851,False
ETH->EOS,2,mutual_info,0.009494705818755111,0.005,0.009077201447527142,True
ETH->EOS,2,transfer_entropy,0.003425759446641141,0.005,0.009077201447527142,True
ETH->EOS,4,xcorr,-0.005971284149172512,0.1952918855549618,0.2509942679421157,False
ETH->EOS,4,ols_hac,-0.7322258534763257,0.4640307268308971,0.5239056593252064,False
ETH->EOS,4,granger,1.4142639596419135,0.22628357714898714,0.28403401468659356,False
ETH->EOS,4,rolling_stability,0.7142857142857143,0.0783538818359375,0.11020803005895882,False
ETH->EOS,4,mutual_info,0.006746110197667576,0.005,0.009077201447527142,True
ETH->EOS,4,transfer_entropy,0.001954704021372322,0.005,0.009077201447527142,True
ETH->EOS,8,xcorr,0.01113125188559204,0.015766645268141262,0.026018422290079606,True
ETH->EOS,8,ols_hac,1.3806995975141019,0.16737134511684915,0.21790127543326812,False
ETH->EOS,8,granger,0.8959212756857212,0.5186966836075211,0.5795386108606676,False
ETH->EOS,8,rolling_stability,0.6190476190476191,0.38331031799316406,0.4458130050847851,False
ETH->EOS,8,mutual_info,0.006195527066685358,0.005,0.009077201447527142,True
ETH->EOS,8,transfer_entropy,0.002255380699133891,0.005,0.009077201447527142,True
ETH->EOS,24,xcorr,-0.03488834590602077,3.7396488548570085e-14,9.226510699278358e-13,True
ETH->EOS,24,ols_hac,-5.635372074924581,1.746807736235283e-08,1.9050330746623917e-07,True
ETH->EOS,24,granger,2.060550326416819,0.001667974008882291,0.006802983423761105,True
ETH->EOS,24,rolling_stability,0.7619047619047619,0.02660369873046875,0.04157691234616352,True
ETH->EOS,24,mutual_info,0.007290513474708771,0.005,0.009077201447527142,True
ETH->EOS,24,transfer_entropy,0.002973935946869233,0.005,0.009077201447527142,True
ETH->EOS,1,var_irf,0.014301133906505073,0.08680632705547757,0.12119065140862127,False
ETH->EOS,2,var_irf,-0.012592092150531827,0.13171643116710507,0.1755830194034483,False
ETH->EOS,4,var_irf,-0.0028888379943816044,0.7294843464318728,0.7786340009787011,False
ETH->EOS,8,var_irf,0.007641205258387614,0.36038446898916177,0.425814354617489,False
ETH->EOS,24,var_irf,-0.02589528523203863,0.0019264266767571976,0.00779374233473006,True
BTC:perp->spot,1,xcorr,-0.02322356181599573,1.8684044052281955e-07,1.7910500827187478e-06,True
BTC:perp->spot,1,ols_hac,-2.4264373443155467,0.01524788296556734,0.025217652596899835,True
BTC:perp->spot,1,granger,0.013581231797910402,0.907226206792372,0.9313611468093587,False
BTC:perp->spot,1,rolling_stability,0.6086956521739131,0.4048728942871094,0.4633716394692773,False
BTC:perp->spot,1,mutual_info,0.02611531742452078,0.005,0.009077201447527142,True
BTC:perp->spot,1,transfer_entropy,0.0006128161317668912,0.005,0.009077201447527142,True
BTC:perp->spot,2,xcorr,-0.014027877783364427,0.0016448608152427955,0.0067269443666858894,True
BTC:perp->spot,2,ols_hac,-1.8080429920583472,0.0705998096489534,0.10023840898271215,False
BTC:perp->spot,2,granger,3.8569876264393788,0.021137804180799167,0.03384297371500292,True
BTC:perp->spot,2,rolling_stability,0.782608695652174,0.010622024536132812,0.01824902617223731,True
BTC:perp->spot,2,mutual_info,0.019897281334644745,0.005,0.009077201447527142,True
BTC:perp->spot,2,transfer_entropy,0.007491597784342829,0.005,0.009077201447527142,True
BTC:perp->spot,4,xcorr,-0.008470440936939614,0.057349741006041774,0.08291196946598739,False
BTC:perp->spot,4,ols_hac,-0.9682531082084485,0.3329179773154889,0.39702183507116545,False
BTC:perp->spot,4,granger,2.4721642663400134,0.042359237195724195,0.0623783287471281,False
BTC:perp->spot,4,rolling_stability,0.4782608695652174,1.0,1.0,False
BTC:perp->spot,4,mutual_info,0.015152014648825318,0.005,0.009077201447527142,True
BTC:perp->spot,4,transfer_entropy,0.005761726576972048,0.005,0.009077201447527142,True
BTC:perp->spot,8,xcorr,-0.002198519479536372,0.6218125569519007,0.6791203905751891,False
BTC:perp->spot,8,ols_hac,-0.2071373301275859,0.8359026090253217,0.8688076150435836,False
BTC:perp->spot,8,granger,6.755634785001441,6.844263297960823e-09,8.374484767017105e-08,True
BTC:perp->spot,8,rolling_stability,0.43478260869565216,0.6776394844055176,0.7274232696364508,False
BTC:perp->spot,8,mutual_info,0.012628316335639767,0.005,0.009077201447527142,True
BTC:perp->spot,8,transfer_entropy,0.003998959722066653,0.005,0.009077201447527142,True
BTC:perp->spot,24,xcorr,-0.030605202763757746,6.5131066946077255e-12,1.2252781969230783e-10,True
BTC:perp->spot,24,ols_hac,-4.194797876495857,2.7311502031204443e-05,0.0001611914139488733,True
BTC:perp->spot,24,granger,7.784633596499894,4.129624921713566e-27,3.452825281766065e-25,True
BTC:perp->spot,24,rolling_stability,0.7391304347826086,0.03468966484069824,0.05220794558525085,False
BTC:perp->spot,24,mutual_info,0.013804128275080707,0.005,0.009077201447527142,True
BTC:perp->spot,24,transfer_entropy,0.004780147633797638,0.005,0.009077201447527142,True
BTC:perp->spot,1,var_irf,-0.04592174581458289,0.6523722369554346,0.7094076709667116,False
BTC:perp->spot,2,var_irf,-0.3683951196499567,0.00030276285241845807,0.0014150872449993149,True
BTC:perp->spot,4,var_irf,-0.03771591226959267,0.711442103780522,0.7604548055324472,False
BTC:perp->spot,8,var_irf,0.12160087377908607,0.23224252777740761,0.29078619326538974,False
BTC:perp->spot,24,var_irf,-0.03136650654131959,0.7406147901682161,0.7893946594923266,False
BTC:spot->perp,1,xcorr,-0.01701449798377202,0.00013443944179433316,0.0006955550721877771,True
BTC:spot->perp,1,ols_hac,-1.7856048167191418,0.0741632664644005,0.10490198874898754,False
BTC:spot->perp,1,granger,11.241015304061483,0.0008006829531903717,0.0035234732296827763,True
BTC:spot->perp,1,rolling_stability,0.5652173913043478,0.6776394844055176,0.7274232696364508,False
BTC:spot->perp,1,mutual_info,0.025699960043299885,0.005,0.009077201447527142,True
BTC:spot->perp,1,transfer_entropy,0.00012905309400190745,0.355,0.4206889763779527,False
BTC:spot->perp,2,xcorr,-0.015296286496145796,0.0005980360363456993,0.0026866992080605296,True
BTC:spot->perp,2,ols_hac,-1.8029556623876206,0.07139517814413716,0.1012721424193463,False
BTC:spot->perp,2,granger,10.090737179879268,4.1545752999079623e-05,0.0002404859933215955,True
BTC:spot->perp,2,rolling_stability,0.782608695652174,0.010622024536132812,0.01824902617223731,True
BTC:spot->perp,2,mutual_info,0.019915257373757544,0.005,0.009077201447527142,True
BTC:spot->perp,2,transfer_entropy,0.007321332057270702,0.005,0.009077201447527142,True
BTC:spot->perp,4,xcorr,-0.009987895457538554,0.025016363364501,0.039631186172183155,True
BTC:spot->perp,4,ols_hac,-1.1047384424604982,0.2692729407801615,0.3321768654706091,False
BTC:spot->perp,4,granger,6.351045163678117,4.1833812540765903e-05,0.00024122562403774977,True
BTC:spot->perp,4,rolling_stability,0.4782608695652174,1.0,1.0,False
BTC:spot->perp,4,mutual_info,0.01547606528832679,0.005,0.009077201447527142,True
BTC:spot->perp,4,transfer_entropy,0.005767534749307579,0.005,0.009077201447527142,True
BTC:spot->perp,8,xcorr,-0.0015268454802638384,0.7319152497456609,0.780675018332544,False
BTC:spot->perp,8,ols_hac,-0.145274502446105,0.8844941452434418,0.9123808694937491,False
BTC:spot->perp,8,granger,9.724838609279992,1.3897489028004623e-13,3.12174940106671e-12,True
BTC:spot->perp,8,rolling_stability,0.391304347826087,0.4048728942871094,0.4633716394692773,False
BTC:spot->perp,8,mutual_info,0.012457940216650254,0.005,0.009077201447527142,True
BTC:spot->perp,8,transfer_entropy,0.004181799827909671,0.005,0.009077201447527142,True
BTC:spot->perp,24,xcorr,-0.029967834123713843,1.757917262980962e-11,3.0409948055015496e-10,True
BTC:spot->perp,24,ols_hac,-4.232999610722216,2.305949043682611e-05,0.0001371720676182739,True
BTC:spot->perp,24,granger,8.930749977362993,2.0557403409438143e-32,3.437654681244934e-30,True
BTC:spot->perp,24,rolling_stability,0.7391304347826086,0.03468966484069824,0.05220794558525085,False
BTC:spot->perp,24,mutual_info,0.014158709278378812,0.005,0.009077201447527142,True
BTC:spot->perp,24,transfer_entropy,0.004566909507310424,0.005,0.009077201447527142,True
BTC:spot->perp,1,var_irf,0.3909787232668498,0.00013448938605092566,0.0006955550721877771,True
BTC:spot->perp,2,var_irf,0.3509846182355295,0.0006111723488807137,0.002737542812694863,True
BTC:spot->perp,4,var_irf,0.04356704588669197,0.6705719387088294,0.725559856494693,False
BTC:spot->perp,8,var_irf,-0.14772999558284908,0.14861328726345444,0.19550961305200956,False
BTC:spot->perp,24,var_irf,-0.00112144575445286,0.9906031706791446,1.0,False
ETH:perp->spot,1,xcorr,-0.00888336350258317,0.04622277219236277,0.0677363896295092,False
ETH:perp->spot,1,ols_hac,-1.0510204112801802,0.29324921541487936,0.3553462714970962,False
ETH:perp->spot,1,granger,18.915729369555162,1.3688965629227198e-05,8.584122196661223e-05,True
ETH:perp->spot,1,rolling_stability,0.6086956521739131,0.4048728942871094,0.4633716394692773,False
ETH:perp->spot,1,mutual_info,0.02275438938070895,0.005,0.009077201447527142,True
ETH:perp->spot,1,transfer_entropy,0.0004891673260534191,0.005,0.009077201447527142,True
ETH:perp->spot,2,xcorr,-0.01972752976348737,9.550469180729073e-06,6.331918994271918e-05,True
ETH:perp->spot,2,ols_hac,-2.370248531143585,0.017776131662850837,0.028859846982298286,True
ETH:perp->spot,2,granger,11.441763303231658,1.0765501889266325e-05,7.03223407500136e-05,True
ETH:perp->spot,2,rolling_stability,0.6086956521739131,0.4048728942871094,0.4633716394692773,False
ETH:perp->spot,2,mutual_info,0.017362291507883043,0.005,0.009077201447527142,True
ETH:perp->spot,2,transfer_entropy,0.006857887221852543,0.005,0.009077201447527142,True
ETH:perp->spot,4,xcorr,-0.009193865105054868,0.03911550669204117,0.0581133638415814,False
ETH:perp->spot,4,ols_hac,-1.013799371567348,0.3106784952404694,0.37435639338423254,False
ETH:perp->spot,4,granger,11.109321411846107,5.251612186265738e-09,6.586396950274946e-08,True
ETH:perp->spot,4,rolling_stability,0.5652173913043478,0.6776394844055176,0.7274232696364508,False
ETH:perp->spot,4,mutual_info,0.013000636549092892,0.005,0.009077201447527142,True
ETH:perp->spot,4,transfer_entropy,0.0052579063244557744,0.005,0.009077201447527142,True
ETH:perp->spot,8,xcorr,0.011503456969337179,0.009847260082817428,0.01721269038866461,True
ETH:perp->spot,8,ols_hac,1.444510849888548,0.14859532996678218,0.19550961305200956,False
ETH:perp->spot,8,granger,8.20754211458689,3.636263818048153e-11,6.013820929848869e-10,True
ETH:perp->spot,8,rolling_stability,0.6956521739130435,0.0931396484375,0.12824809780277904,False
ETH:perp->spot,8,mutual_info,0.011336804717901217,0.005,0.009077201447527142,True
ETH:perp->spot,8,transfer_entropy,0.003953417729570807,0.005,0.009077201447527142,True
ETH:perp->spot,24,xcorr,-0.03773197603532169,2.4834476534457708e-17,8.899020758180678e-16,True
ETH:perp->spot,24,ols_hac,-5.639503513688073,1.705411723921589e-08,1.8734632441620377e-07,True
ETH:perp->spot,24,granger,5.116973225246971,3.218394057102551e-15,8.806696465344253e-14,True
ETH:perp->spot,24,rolling_stability,0.782608695652174,0.010622024536132812,0.01824902617223731,True
ETH:perp->spot,24,mutual_info,0.014373420750506849,0.005,0.009077201447527142,True
ETH:perp->spot,24,transfer_entropy,0.00536336211195354,0.005,0.009077201447527142,True
ETH:perp->spot,1,var_irf,-0.6633393699941126,1.0757888848410893e-08,1.2454325166814148e-07,True
ETH:perp->spot,2,var_irf,-0.21890949486083944,0.059189466763922775,0.08500014072490819,False
ETH:perp->spot,4,var_irf,-0.430512613577573,0.00020629870043846978,0.0010213142899996614,True
ETH:perp->spot,8,var_irf,0.18568798731882302,0.10937388786801071,0.14896624546729062,False
ETH:perp->spot,24,var_irf,-0.1628862169726648,0.12977974937067774,0.17315471879687058,False
ETH:spot->perp,1,xcorr,-0.007614873645202893,0.08750602281939192,0.1219412632807267,False
ETH:spot->perp,1,ols_hac,-0.8726022164418519,0.38287993204038395,0.4458130050847851,False
ETH:spot->perp,1,granger,54.54193221306269,1.5451170012289018e-13,3.4197074806610253e-12,True
ETH:spot->perp,1,rolling_stability,0.6086956521739131,0.4048728942871094,0.4633716394692773,False
ETH:spot->perp,1,mutual_info,0.02279849584714677,0.005,0.009077201447527142,True
ETH:spot->perp,1,transfer_entropy,0.00026202508061556884,0.015,0.02497234513274336,True
ETH:spot->perp,2,xcorr,-0.01913036651926682,1.7622396437995948e-05,0.00010825186383340368,True
ETH:spot->perp,2,ols_hac,-2.25625612147958,0.02405459565449818,0.03822826447731759,True
ETH:spot->perp,2,granger,33.47663957533526,2.9575959976161926e-15,8.242929585948833e-14,True
ETH:spot->perp,2,rolling_stability,0.6086956521739131,0.4048728942871094,0.4633716394692773,False
ETH:spot->perp,2,mutual_info,0.01752474901628842,0.005,0.009077201447527142,True
ETH:spot->perp,2,transfer_entropy,0.006753046150490771,0.005,0.009077201447527142,True
ETH:spot->perp,4,xcorr,-0.009664902091788866,0.030107748104857692,0.04642639436251109,True
ETH:spot->perp,4,ols_hac,-1.0732205977897755,0.28317215106885685,0.3470473024093074,False
ETH:spot->perp,4,granger,25.148961336539767,7.707903157917327e-21,3.742062662150186e-19,True
ETH:spot->perp,4,rolling_stability,0.6086956521739131,0.4048728942871094,0.4633716394692773,False
ETH:spot->perp,4,mutual_info,0.012801493463731273,0.005,0.009077201447527142,True
ETH:spot->perp,4,transfer_entropy,0.005270089171278247,0.005,0.009077201447527142,True
ETH:spot->perp,8,xcorr,0.011481039203080655,0.009991694682223195,0.01742468191975192,True
ETH:spot->perp,8,ols_hac,1.431462849180319,0.1522976070264729,0.1998325183738812,False
ETH:spot->perp,8,granger,15.925750782247006,1.0491594368572682e-23,6.579103968625786e-22,True
ETH:spot->perp,8,rolling_stability,0.7391304347826086,0.03468966484069824,0.05220794558525085,False
ETH:spot->perp,8,mutual_info,0.011367145555402747,0.005,0.009077201447527142,True
ETH:spot->perp,8,transfer_entropy,0.00424899924676847,0.005,0.009077201447527142,True
ETH:spot->perp,24,xcorr,-0.03656994758569769,2.2572179947144857e-16,7.227900174564471e-15,True
ETH:spot->perp,24,ols_hac,-5.494500187438988,3.9181851051828485e-08,4.118658152012974e-07,True
ETH:spot->perp,24,granger,7.623675672816103,2.256430061734686e-26,1.787330127847738e-24,True
ETH:spot->perp,24,rolling_stability,0.782608695652174,0.010622024536132812,0.01824902617223731,True
ETH:spot->perp,24,mutual_info,0.014570225789143798,0.005,0.009077201447527142,True
ETH:spot->perp,24,transfer_entropy,0.005386932429280122,0.005,0.009077201447527142,True
ETH:spot->perp,1,var_irf,1.104414975980771,4.117546687439887e-21,2.213181344498939e-19,True
ETH:spot->perp,2,var_irf,0.28447970590396393,0.01522088834916126,0.025217652596899835,True
ETH:spot->perp,4,var_irf,0.44981313930699457,0.0001239883557369689,0.0006479252617504798,True
ETH:spot->perp,8,var_irf,-0.19695397435582945,0.09279815277178043,0.12824809780277904,False
ETH:spot->perp,24,var_irf,0.11617688468756684,0.2852450666682359,0.34717927528522746,False
BNB:perp->spot,1,xcorr,-0.02548793115066315,1.4682919041387721e-08,1.636873567206557e-07,True
BNB:perp->spot,1,ols_hac,-2.1054864449056967,0.03524898602940588,0.05289105082179048,False
BNB:perp->spot,1,granger,0.07509058829698528,0.7840653109314348,0.829246867850885,False
BNB:perp->spot,1,rolling_stability,0.6363636363636364,0.28627872467041016,0.34717927528522746,False
BNB:perp->spot,1,mutual_info,0.026000350327369137,0.005,0.009077201447527142,True
BNB:perp->spot,1,transfer_entropy,0.0008044271209048937,0.005,0.009077201447527142,True
BNB:perp->spot,2,xcorr,-0.014012720692068976,0.0018449494286621308,0.007504456459828397,True
BNB:perp->spot,2,ols_hac,-1.1580632526960664,0.2468382247168054,0.3080360930338243,False
BNB:perp->spot,2,granger,0.06204872760907452,0.9398371629378152,0.9628692513420094,False
BNB:perp->spot,2,rolling_stability,0.5909090909090909,0.5234670639038086,0.5814154473617947,False
BNB:perp->spot,2,mutual_info,0.024088045228336075,0.005,0.009077201447527142,True
BNB:perp->spot,2,transfer_entropy,0.00725482087534246,0.005,0.009077201447527142,True
BNB:perp->spot,4,xcorr,-0.020278081974589943,6.583298238542141e-06,4.442988273096826e-05,True
BNB:perp->spot,4,ols_hac,-1.5765435834185104,0.11490058280244834,0.15551437186511186,False
BNB:perp->spot,4,granger,5.308203817514404,0.0002852627348582086,0.0013458320249580063,True
BNB:perp->spot,4,rolling_stability,0.5909090909090909,0.5234670639038086,0.5814154473617947,False
BNB:perp->spot,4,mutual_info,0.017875452901638056,0.005,0.009077201447527142,True
BNB:perp->spot,4,transfer_entropy,0.005722870031442673,0.005,0.009077201447527142,True
BNB:perp->spot,8,xcorr,0.010807757305048323,0.01632113600351855,0.026845147197044172,True
BNB:perp->spot,8,ols_hac,0.8952087140492974,0.37067552738449117,0.4365153902297803,False
BNB:perp->spot,8,granger,5.5962507181236605,4.099671781559576e-07,3.6508911427498002e-06,True
BNB:perp->spot,8,rolling_stability,0.45454545454545453,0.8318119049072266,0.8657516714283374,False
BNB:perp->spot,8,mutual_info,0.017375135578916012,0.005,0.009077201447527142,True
BNB:perp->spot,8,transfer_entropy,0.005837558471308402,0.005,0.009077201447527142,True
BNB:perp->spot,24,xcorr,-0.05348567282832852,1.2667786927407056e-32,2.3831274157184524e-30,True
BNB:perp->spot,24,ols_hac,-5.361026997872793,8.275014816781822e-08,8.247614105467975e-07,True
BNB:perp->spot,24,granger,4.284347634256999,1.0204771981700053e-11,1.8283549800545927e-10,True
BNB:perp->spot,24,rolling_stability,0.8181818181818182,0.004343509674072266,0.009077201447527142,True
BNB:perp->spot,24,mutual_info,0.015948377376717282,0.005,0.009077201447527142,True
BNB:perp->spot,24,transfer_entropy,0.005490905751891262,0.005,0.009077201447527142,True
BNB:perp->spot,1,var_irf,-0.056298487360960554,0.421180937087575,0.4802100835733336,False
BNB:perp->spot,2,var_irf,-0.10736064618286928,0.12480357209069454,0.16710798576200647,False
BNB:perp->spot,4,var_irf,-0.021437355076231568,0.7591487716902082,0.8067048854888992,False
BNB:perp->spot,8,var_irf,0.1195043327786165,0.08699626267230268,0.121343257944222,False
BNB:perp->spot,24,var_irf,-0.15860509624747118,0.013594768339931392,0.02278410506859326,True
BNB:spot->perp,1,xcorr,-0.02163234295313826,1.5244784920517362e-06,1.1705816992540117e-05,True
BNB:spot->perp,1,ols_hac,-1.8160620209603282,0.06936085877440692,0.09875883865230126,False
BNB:spot->perp,1,granger,35.17698018420604,3.0305894896492667e-09,3.9319286051052987e-08,True
BNB:spot->perp,1,rolling_stability,0.6818181818181818,0.13380050659179688,0.17741829288163374,False
BNB:spot->perp,1,mutual_info,0.025893818547142455,0.005,0.009077201447527142,True
BNB:spot->perp,1,transfer_entropy,0.00043347480369471114,0.005,0.009077201447527142,True
BNB:spot->perp,2,xcorr,-0.01180572731833139,0.008699288434116832,0.01534868592420379,True
BNB:spot->perp,2,ols_hac,-1.0236884336050651,0.3059824602497411,0.3692891761634806,False
BNB:spot->perp,2,granger,20.240063799517905,1.6347560385066571e-09,2.1772635734093087e-08,True
BNB:spot->perp,2,rolling_stability,0.5454545454545454,0.8318119049072266,0.8657516714283374,False
BNB:spot->perp,2,mutual_info,0.023976520007633617,0.005,0.009077201447527142,True
BNB:spot->perp,2,transfer_entropy,0.008067615401853967,0.005,0.009077201447527142,True
BNB:spot->perp,4,xcorr,-0.02040943392336381,5.729895986316061e-06,3.884456513245798e-05,True
BNB:spot->perp,4,ols_hac,-1.561996630912023,0.11828878254400538,0.15895055154350723,False
BNB:spot->perp,4,granger,23.913092735579646,8.655150183270143e-20,3.721714578806161e-18,True
BNB:spot->perp,4,rolling_stability,0.5909090909090909,0.5234670639038086,0.5814154473617947,False
BNB:spot->perp,4,mutual_info,0.018204300309360377,0.005,0.009077201447527142,True
BNB:spot->perp,4,transfer_entropy,0.005203745168908203,0.005,0.009077201447527142,True
BNB:spot->perp,8,xcorr,0.008526003512647425,0.05812712207327806,0.08387470634734753,False
BNB:spot->perp,8,ols_hac,0.6894559637627554,0.4905363759850834,0.5513496981759153,False
BNB:spot->perp,8,granger,16.12456661064003,4.929977288095642e-24,3.2259199211234525e-22,True
BNB:spot->perp,8,rolling_stability,0.45454545454545453,0.8318119049072266,0.8657516714283374,False
BNB:spot->perp,8,mutual_info,0.017355338598658676,0.005,0.009077201447527142,True
BNB:spot->perp,8,transfer_entropy,0.006052413331219864,0.005,0.009077201447527142,True
BNB:spot->perp,24,xcorr,-0.05190330931334976,7.861270324972764e-31,1.183121183908401e-28,True
BNB:spot->perp,24,ols_hac,-5.2053364951163426,1.9364538558349766e-07,1.8445335778681266e-06,True
BNB:spot->perp,24,granger,7.905513264073342,1.1533253660973592e-27,1.0848466724853285e-25,True
BNB:spot->perp,24,rolling_stability,0.8636363636363636,0.0008554458618164062,0.0037102190836705803,True
BNB:spot->perp,24,mutual_info,0.015888323409613214,0.005,0.009077201447527142,True
BNB:spot->perp,24,transfer_entropy,0.0054072484768767914,0.005,0.009077201447527142,True
BNB:spot->perp,1,var_irf,0.5824067021145015,1.0117034947785149e-16,3.383586132537033e-15,True
BNB:spot->perp,2,var_irf,0.17999376275644363,0.010284080719003727,0.01791382115983867,True
BNB:spot->perp,4,var_irf,0.014336645370169099,0.8380124550958405,0.869799134427062,False
BNB:spot->perp,8,var_irf,-0.15177762138380108,0.030215948217644943,0.04654554971090649,True
BNB:spot->perp,24,var_irf,0.08044332974466117,0.2120942009615906,0.2684623822095827,False
SOL:perp->spot,1,xcorr,-0.01844104969385493,0.00010807981218022025,0.0005768089267064946,True
SOL:perp->spot,1,ols_hac,-2.09073379938872,0.03655193336482922,0.05473697483986863,False
SOL:perp->spot,1,granger,35.741246466929,2.2707122264473024e-09,2.9977385094764827e-08,True
SOL:perp->spot,1,rolling_stability,0.75,0.04138946533203125,0.061009936654953016,False
SOL:perp->spot,1,mutual_info,0.018053328740400776,0.005,0.009077201447527142,True
SOL:perp->spot,1,transfer_entropy,0.00029435850354042614,0.015,0.02497234513274336,True
SOL:perp->spot,2,xcorr,-0.01926191239667104,5.2539305583804984e-05,0.00029726186053994925,True
SOL:perp->spot,2,ols_hac,-2.084155230815607,0.03714604952631847,0.055516191198718264,False
SOL:perp->spot,2,granger,27.96685402585987,7.275311096268816e-13,1.4999100273814477e-11,True
SOL:perp->spot,2,rolling_stability,0.65,0.26317596435546875,0.32518869158865393,False
SOL:perp->spot,2,mutual_info,0.01374692570395597,0.005,0.009077201447527142,True
SOL:perp->spot,2,transfer_entropy,0.0042111476029425,0.005,0.009077201447527142,True
SOL:perp->spot,4,xcorr,0.0032589844745252415,0.49389605455488095,0.5547116135112655,False
SOL:perp->spot,4,ols_hac,0.4029426451386073,0.6869904182921798,0.7364106691807197,False
SOL:perp->spot,4,granger,14.54880798480102,7.0693919279581715e-12,1.2974920550703718e-10,True
SOL:perp->spot,4,rolling_stability,0.6,0.5034446716308594,0.5629154760805671,False
SOL:perp->spot,4,mutual_info,0.01067522018322764,0.005,0.009077201447527142,True
SOL:perp->spot,4,transfer_entropy,0.002665459850518692,0.005,0.009077201447527142,True
SOL:perp->spot,8,xcorr,0.01773694356573294,0.00019644596430682312,0.0009822298215341155,True
SOL:perp->spot,8,ols_hac,1.8122084885952945,0.06995398794901782,0.09950921726207167,False
SOL:perp->spot,8,granger,7.808945777184105,1.5505772146359746e-10,2.405792482502208e-09,True
SOL:perp->spot,8,rolling_stability,0.5,1.0,1.0,False
SOL:perp->spot,8,mutual_info,0.009754945769413048,0.005,0.009077201447527142,True
SOL:perp->spot,8,transfer_entropy,0.0022487202215861757,0.005,0.009077201447527142,True
SOL:perp->spot,24,xcorr,-0.02424638844602984,3.587803252252735e-07,3.233319697389441e-06,True
SOL:perp->spot,24,ols_hac,-2.6613547608327757,0.007782690906962387,0.01384509434394609,True
SOL:perp->spot,24,granger,13.624392514624702,1.0042795938942218e-54,7.557203944054018e-52,True
SOL:perp->spot,24,rolling_stability,0.85,0.0025768280029296875,0.009077201447527142,True
SOL:perp->spot,24,mutual_info,0.010434927773982583,0.005,0.009077201447527142,True
SOL:perp->spot,24,transfer_entropy,0.0035225559185638744,0.005,0.009077201447527142,True
SOL:perp->spot,1,var_irf,0.21326472244025552,4.5379778449929974e-08,4.677847025146891e-07,True
SOL:perp->spot,2,var_irf,0.049674943395154644,0.20263324224945622,0.2591019792569513,False
SOL:perp->spot,4,var_irf,-0.10160713813778696,0.009028204425912362,0.015891751650290182,True
SOL:perp->spot,8,var_irf,0.08800944945688965,0.021700129411086705,0.034669527349984595,True
SOL:perp->spot,24,var_irf,0.10146278562980501,0.0036290905635403808,0.009077201447527142,True
SOL:spot->perp,1,xcorr,-0.01777373306050562,0.00019026204874771213,0.0009544812778843559,True
SOL:spot->perp,1,ols_hac,-2.020105355130646,0.04337246051029099,0.06380796976342908,False
SOL:spot->perp,1,granger,12.870343895599412,0.0003341916868640448,0.0015523410145999615,True
SOL:spot->perp,1,rolling_stability,0.75,0.04138946533203125,0.061009936654953016,False
SOL:spot->perp,1,mutual_info,0.017875158540022973,0.005,0.009077201447527142,True
SOL:spot->perp,1,transfer_entropy,0.00039353980810208355,0.005,0.009077201447527142,True
SOL:spot->perp,2,xcorr,-0.02169402167157769,5.240817029660511e-06,3.618086986072968e-05,True
SOL:spot->perp,2,ols_hac,-2.508672284555403,0.012118585586294178,0.020538819039834164,True
SOL:spot->perp,2,granger,8.374439643586182,0.000231056441405791,0.0011145511035760111,True
SOL:spot->perp,2,rolling_stability,0.7,0.11531829833984375,0.15551437186511186,False
SOL:spot->perp,2,mutual_info,0.013685820734196774,0.005,0.009077201447527142,True
SOL:spot->perp,2,transfer_entropy,0.004432353984483495,0.005,0.009077201447527142,True
SOL:spot->perp,4,xcorr,-0.0009819052494895702,0.8366893492201751,0.8690251694798921,False
SOL:spot->perp,4,ols_hac,-0.12213918922098159,0.9027887856947535,0.9280718049662595,False
SOL:spot->perp,4,granger,5.825183434635924,0.00011054498225663805,0.0005878805593506724,True
SOL:spot->perp,4,rolling_stability,0.45,0.8238029479980469,0.8627859685017819,False
SOL:spot->perp,4,mutual_info,0.010384550661641345,0.005,0.009077201447527142,True
SOL:spot->perp,4,transfer_entropy,0.0025970482971509057,0.005,0.009077201447527142,True
SOL:spot->perp,8,xcorr,0.02188444711516603,4.329483546153565e-06,3.0306384823074957e-05,True
SOL:spot->perp,8,ols_hac,1.9303099911093529,0.053568439840601584,0.07766907703285683,False
SOL:spot->perp,8,granger,4.758846706254966,7.348166345340699e-06,4.915106822105668e-05,True
SOL:spot->perp,8,rolling_stability,0.55,0.8238029479980469,0.8627859685017819,False
SOL:spot->perp,8,mutual_info,0.00964656692575483,0.005,0.009077201447527142,True
SOL:spot->perp,8,transfer_entropy,0.0023997810490254956,0.005,0.009077201447527142,True
SOL:spot->perp,24,xcorr,-0.023399657809891915,8.962314326837149e-07,7.212985594593534e-06,True
SOL:spot->perp,24,ols_hac,-2.5777544374049013,0.00994446396294817,0.017362434181249414,True
SOL:spot->perp,24,granger,17.99033576009766,5.653363094343135e-76,8.508311456986419e-73,True
SOL:spot->perp,24,rolling_stability,0.8,0.01181793212890625,0.020074478390523596,True
SOL:spot->perp,24,mutual_info,0.010646516698581632,0.005,0.009077201447527142,True
SOL:spot->perp,24,transfer_entropy,0.0036613346832172766,0.005,0.009077201447527142,True
SOL:spot->perp,1,var_irf,0.15858317455438894,7.60686064959184e-05,0.0004178220904246613,True
SOL:spot->perp,2,var_irf,-0.0935925593095864,0.019495778230608107,0.031380905066379895,True
SOL:spot->perp,4,var_irf,0.14621639560482652,0.0002555607135484124,0.0012133087504427782,True
SOL:spot->perp,8,var_irf,-0.2084884925190557,1.2387918342671585e-07,1.2106374743974504e-06,True
SOL:spot->perp,24,var_irf,-0.17380081798481747,1.3402638818988655e-06,1.0344087909014321e-05,True
XRP:perp->spot,1,xcorr,-0.029824294794620326,2.430620003905441e-11,4.110205736941223e-10,True
XRP:perp->spot,1,ols_hac,-2.4313255666002918,0.015043690105770894,0.025017407302967067,True
XRP:perp->spot,1,granger,2.6778285519809977,0.10176067284133658,0.13922710238746505,False
XRP:perp->spot,1,rolling_stability,0.6956521739130435,0.0931396484375,0.12824809780277904,False
XRP:perp->spot,1,mutual_info,0.024710915642009557,0.005,0.009077201447527142,True
XRP:perp->spot,1,transfer_entropy,0.00032379534306659075,0.005,0.009077201447527142,True
XRP:perp->spot,2,xcorr,-0.016845241652349532,0.00016275322202445236,0.0008247259230532014,True
XRP:perp->spot,2,ols_hac,-1.0436991832710334,0.29662458783906587,0.3588585246766834,False
XRP:perp->spot,2,granger,10.449147061812452,2.9036173043610878e-05,0.00017070093918216553,True
XRP:perp->spot,2,rolling_stability,0.6521739130434783,0.21003961563110352,0.26630970642359797,False
XRP:perp->spot,2,mutual_info,0.019333499683976907,0.005,0.009077201447527142,True
XRP:perp->spot,2,transfer_entropy,0.006852407171614949,0.005,0.009077201447527142,True
XRP:perp->spot,4,xcorr,-0.008817892977256887,0.048417693469524424,0.07088388003077262,False
XRP:perp->spot,4,ols_hac,-0.8710771735191123,0.3837120167349054,0.44593558701624136,False
XRP:perp->spot,4,granger,7.9537885412712965,2.0962451933850945e-06,1.554112815785501e-05,True
XRP:perp->spot,4,rolling_stability,0.4782608695652174,1.0,1.0,False
XRP:perp->spot,4,mutual_info,0.014574303723279503,0.005,0.009077201447527142,True
XRP:perp->spot,4,transfer_entropy,0.003965195714266123,0.005,0.009077201447527142,True
XRP:perp->spot,8,xcorr,0.009394580407225841,0.03549325721294495,0.05320453396960373,False
XRP:perp->spot,8,ols_hac,0.8364469187293884,0.4029035268685969,0.4633716394692773,False
XRP:perp->spot,8,granger,6.514071833337954,1.6180873279300188e-08,1.7906039915696165e-07,True
XRP:perp->spot,8,rolling_stability,0.5217391304347826,1.0,1.0,False
XRP:perp->spot,8,mutual_info,0.014936037266112923,0.005,0.009077201447527142,True
XRP:perp->spot,8,transfer_entropy,0.004892468702698993,0.005,0.009077201447527142,True
XRP:perp->spot,24,xcorr,-0.02595050071874091,6.306483610608833e-09,7.779719536037944e-08,True
XRP:perp->spot,24,ols_hac,-3.2009478434065524,0.0013697632390395292,0.0056947339081615785,True
XRP:perp->spot,24,granger,5.081018598974638,4.588890023754466e-15,1.233264193884013e-13,True
XRP:perp->spot,24,rolling_stability,0.7391304347826086,0.03468966484069824,0.05220794558525085,False
XRP:perp->spot,24,mutual_info,0.01270187696597036,0.005,0.009077201447527142,True
XRP:perp->spot,24,transfer_entropy,0.003978797011137569,0.005,0.009077201447527142,True
XRP:perp->spot,1,var_irf,-0.3605413404175102,6.807977000878069e-06,4.574109547464953e-05,True
XRP:perp->spot,2,var_irf,-0.3201872694392103,6.489894981742157e-05,0.00035909161571771864,True
XRP:perp->spot,4,var_irf,-0.19474256308506477,0.015101658733433939,0.02508608873489854,True
XRP:perp->spot,8,var_irf,0.19943438885500778,0.01268867346511441,0.021408580229817474,True
XRP:perp->spot,24,var_irf,-0.05530604312758176,0.44042832950579913,0.49912999691734017,False
XRP:spot->perp,1,xcorr,-0.02732201956964137,9.534257213741243e-10,1.3665768673029115e-08,True
XRP:spot->perp,1,ols_hac,-2.2517392162327767,0.02433875686763638,0.03863906021708096,True
XRP:spot->perp,1,granger,51.09418972677967,8.923719849887572e-13,1.8148916721730805e-11,True
XRP:spot->perp,1,rolling_stability,0.6956521739130435,0.0931396484375,0.12824809780277904,False
XRP:spot->perp,1,mutual_info,0.02469876484923006,0.005,0.009077201447527142,True
XRP:spot->perp,1,transfer_entropy,0.0004747291449236357,0.005,0.009077201447527142,True
XRP:spot->perp,2,xcorr,-0.016579394817201394,0.00020618869354183976,0.0010213142899996614,True
XRP:spot->perp,2,ols_hac,-1.0393238629005386,0.2986541403550167,0.36102367970626514,False
XRP:spot->perp,2,granger,48.99369378299907,5.534667627985656e-22,3.203721069276312e-20,True
XRP:spot->perp,2,rolling_stability,0.6521739130434783,0.21003961563110352,0.26630970642359797,False
XRP:spot->perp,2,mutual_info,0.019375361752582254,0.005,0.009077201447527142,True
XRP:spot->perp,2,transfer_entropy,0.006840379128916663,0.005,0.009077201447527142,True
XRP:spot->perp,4,xcorr,-0.009539094159843275,0.03274443158767461,0.05003083201974648,False
XRP:spot->perp,4,ols_hac,-0.9461812866743643,0.34405612914969097,0.4093316002927153,False
XRP:spot->perp,4,granger,31.4554050545215,3.288075630700542e-26,2.4742769121021583e-24,True
XRP:spot->perp,4,rolling_stability,0.5217391304347826,1.0,1.0,False
XRP:spot->perp,4,mutual_info,0.014221808130316926,0.005,0.009077201447527142,True
XRP:spot->perp,4,transfer_entropy,0.004062592441102186,0.005,0.009077201447527142,True
XRP:spot->perp,8,xcorr,0.010313348447532003,0.02097013984933074,0.03361700665775248,True
XRP:spot->perp,8,ols_hac,0.921814244335094,0.35662547614215023,0.42228272352001267,False
XRP:spot->perp,8,granger,19.763838938859156,4.456589595574538e-30,5.589306117783067e-28,True
XRP:spot->perp,8,rolling_stability,0.5652173913043478,0.6776394844055176,0.7274232696364508,False
XRP:spot->perp,8,mutual_info,0.014599390261822442,0.005,0.009077201447527142,True
XRP:spot->perp,8,transfer_entropy,0.004729370426352464,0.005,0.009077201447527142,True
XRP:spot->perp,24,xcorr,-0.024841239251471206,2.6767117403385377e-08,2.8570575668152477e-07,True
XRP:spot->perp,24,ols_hac,-3.096979824296309,0.001955031794579715,0.007867173397974521,True
XRP:spot->perp,24,granger,9.553327637343761,2.514550406459256e-35,5.4062833738874e-33,True
XRP:spot->perp,24,rolling_stability,0.7391304347826086,0.03468966484069824,0.05220794558525085,False
XRP:spot->perp,24,mutual_info,0.01263324988584813,0.005,0.009077201447527142,True
XRP:spot->perp,24,transfer_entropy,0.0043196298542071965,0.005,0.009077201447527142,True
XRP:spot->perp,1,var_irf,0.9088347662595966,4.117460184047203e-29,4.7667519823008e-27,True
XRP:spot->perp,2,var_irf,0.3538345088522542,1.3395000284123981e-05,8.47036782672546e-05,True
XRP:spot->perp,4,var_irf,0.2102095106309052,0.009685475401987474,0.016969870110067526,True
XRP:spot->perp,8,var_irf,-0.17366165106858994,0.032333448296153866,0.04950339744222947,True
XRP:spot->perp,24,var_irf,0.016714703651571218,0.8183847273170402,0.8607051115388857,False
DOGE:perp->spot,1,xcorr,-0.0224612361894277,1.5374472289185735e-06,1.1745472484885549e-05,True
DOGE:perp->spot,1,ols_hac,-1.506816335911931,0.13185774109778547,0.17561584101961694,False
DOGE:perp->spot,1,granger,24.04433530923904,9.446486137434833e-07,7.522201924253663e-06,True
DOGE:perp->spot,1,rolling_stability,0.7619047619047619,0.02660369873046875,0.04157691234616352,True
DOGE:perp->spot,1,mutual_info,0.02796032413528815,0.005,0.009077201447527142,True
DOGE:perp->spot,1,transfer_entropy,0.0005193538377146201,0.005,0.009077201447527142,True
DOGE:perp->spot,2,xcorr,-0.032251420856677,5.113511017975095e-12,9.866453951349382e-11,True
DOGE:perp->spot,2,ols_hac,-2.2765032005229338,0.022815909265473302,0.03637494008955224,True
DOGE:perp->spot,2,granger,14.512444244789156,5.004066941469969e-07,4.404164179480879e-06,True
DOGE:perp->spot,2,rolling_stability,0.9047619047619048,0.00022125244140625,0.0010741449171496975,True
DOGE:perp->spot,2,mutual_info,0.021089435714232163,0.005,0.009077201447527142,True
DOGE:perp->spot,2,transfer_entropy,0.007093858472178471,0.005,0.009077201447527142,True
DOGE:perp->spot,4,xcorr,0.01726956120036394,0.00021988313394493756,0.0010741449171496975,True
DOGE:perp->spot,4,ols_hac,0.9144950027521616,0.3604568025134093,0.425814354617489,False
DOGE:perp->spot,4,granger,29.726629670900653,9.853142024029009e-25,6.740444884619845e-23,True
DOGE:perp->spot,4,rolling_stability,0.6190476190476191,0.38331031799316406,0.4458130050847851,False
DOGE:perp->spot,4,mutual_info,0.016911994690931742,0.005,0.009077201447527142,True
DOGE:perp->spot,4,transfer_entropy,0.005202788007472536,0.005,0.009077201447527142,True
DOGE:perp->spot,8,xcorr,0.03573180289663164,2.0515287184158023e-14,5.23313681561997e-13,True
DOGE:perp->spot,8,ols_hac,2.673701234489725,0.007501925225191349,0.013377248179991683,True
DOGE:perp->spot,8,granger,18.067257859689168,2.9942604586255118e-27,2.65080117072435e-25,True
DOGE:perp->spot,8,rolling_stability,0.7619047619047619,0.02660369873046875,0.04157691234616352,True
DOGE:perp->spot,8,mutual_info,0.014793982116148019,0.005,0.009077201447527142,True
DOGE:perp->spot,8,transfer_entropy,0.004172647620436898,0.005,0.009077201447527142,True
DOGE:perp->spot,24,xcorr,-0.07216741559298945,6.170618868003233e-54,3.095593798781622e-51,True
DOGE:perp->spot,24,ols_hac,-3.2288071989197955,0.0012430766929604398,0.00521122680475059,True
DOGE:perp->spot,24,granger,12.106961400698792,1.958929187659244e-47,4.91364737904527e-45,True
DOGE:perp->spot,24,rolling_stability,0.8571428571428571,0.0014896392822265625,0.006125429288937095,True
DOGE:perp->spot,24,mutual_info,0.013804357325210237,0.005,0.009077201447527142,True
DOGE:perp->spot,24,transfer_entropy,0.0040515385594572795,0.005,0.009077201447527142,True
DOGE:perp->spot,1,var_irf,0.16448552434269048,0.051156406823613575,0.07467545321972689,False
DOGE:perp->spot,2,var_irf,-0.2515363370333168,0.0028717486653485626,0.009077201447527142,True
DOGE:perp->spot,4,var_irf,-0.0070619108234253325,0.9333619143919409,0.957538978295754,False
DOGE:perp->spot,8,var_irf,-0.26908295192600595,0.0014345246027171,0.005947546906581915,True
DOGE:perp->spot,24,var_irf,-0.16716994037481112,0.032139239038143814,0.04930637589440005,True
DOGE:spot->perp,1,xcorr,-0.023201384667018828,6.877382941518245e-07,5.814865914036493e-06,True
DOGE:spot->perp,1,ols_hac,-1.6090486377481,0.10760570685368478,0.1466907507380395,False
DOGE:spot->perp,1,granger,1.101054322740533,0.2940403810543673,0.35601832138923795,False
DOGE:spot->perp,1,rolling_stability,0.6666666666666666,0.18924713134765625,0.24405906827611196,False
DOGE:spot->perp,1,mutual_info,0.028486407921143986,0.005,0.009077201447527142,True
DOGE:spot->perp,1,transfer_entropy,0.0004982788827609941,0.005,0.009077201447527142,True
DOGE:spot->perp,2,xcorr,-0.031059193915489478,2.987031196003211e-11,4.994979944427592e-10,True
DOGE:spot->perp,2,ols_hac,-2.140993919482391,0.03227452841061523,0.04946350840934412,True
DOGE:spot->perp,2,granger,0.621040196535816,0.5373896889145239,0.5946849131002636,False
DOGE:spot->perp,2,rolling_stability,0.9047619047619048,0.00022125244140625,0.0010741449171496975,True
DOGE:spot->perp,2,mutual_info,0.020983227255382708,0.005,0.009077201447527142,True
DOGE:spot->perp,2,transfer_entropy,0.0074082039606222505,0.005,0.009077201447527142,True
DOGE:spot->perp,4,xcorr,0.017090606900423043,0.0002553164162171053,0.0012133087504427782,True
DOGE:spot->perp,4,ols_hac,0.912008894589203,0.36176403532400336,0.42702342993147063,False
DOGE:spot->perp,4,granger,33.466078175888505,6.382495467795273e-28,6.403770452687924e-26,True
DOGE:spot->perp,4,rolling_stability,0.6190476190476191,0.38331031799316406,0.4458130050847851,False
DOGE:spot->perp,4,mutual_info,0.0170494496936624,0.005,0.009077201447527142,True
DOGE:spot->perp,4,transfer_entropy,0.004994284050721776,0.005,0.009077201447527142,True
DOGE:spot->perp,8,xcorr,0.037407795827829333,1.1746262677943855e-15,3.466299084373628e-14,True
DOGE:spot->perp,8,ols_hac,2.62437195966928,0.00868089250515519,0.01533420565758047,True
DOGE:spot->perp,8,granger,19.88406837430525,2.84028722311689e-30,3.886029337082654e-28,True
DOGE:spot->perp,8,rolling_stability,0.7619047619047619,0.02660369873046875,0.04157691234616352,True
DOGE:spot->perp,8,mutual_info,0.015228063026822003,0.005,0.009077201447527142,True
DOGE:spot->perp,8,transfer_entropy,0.0046080419554945795,0.005,0.009077201447527142,True
DOGE:spot->perp,24,xcorr,-0.07041411183168114,1.885206518504532e-51,7.093089525873301e-49,True
DOGE:spot->perp,24,ols_hac,-3.2429126439527742,0.001183144810896319,0.005001777922468989,True
DOGE:spot->perp,24,granger,12.55440871102378,1.4000524714446353e-49,4.214157939048352e-47,True
DOGE:spot->perp,24,rolling_stability,0.8095238095238095,0.007197380065917969,0.012879972650661764,True
DOGE:spot->perp,24,mutual_info,0.013480039342506966,0.005,0.009077201447527142,True
DOGE:spot->perp,24,transfer_entropy,0.003919032765957953,0.005,0.009077201447527142,True
DOGE:spot->perp,1,var_irf,0.23114667376938242,0.005943261235614835,0.010712105580359673,True
DOGE:spot->perp,2,var_irf,0.31107570608787666,0.0002150343723798129,0.0010610712473167817,True
DOGE:spot->perp,4,var_irf,-0.004383749641586887,0.9584550111671408,0.97927684440363,False
DOGE:spot->perp,8,var_irf,0.2511416026645488,0.0028281555512228882,0.009077201447527142,True
DOGE:spot->perp,24,var_irf,0.08051371310941377,0.3002539106705284,0.3626662404166495,False
LARGE5->ZEC,1,xcorr,-0.009801559027335281,0.02932064810529275,0.04535208160171181,True
LARGE5->ZEC,1,ols_hac,-1.108649726912199,0.2675813172840187,0.3303608552193996,False
LARGE5->ZEC,1,granger,24.48646429777642,7.507924837315479e-07,6.242777281856241e-06,True
LARGE5->ZEC,1,rolling_stability,0.6363636363636364,0.28627872467041016,0.34717927528522746,False
LARGE5->ZEC,1,mutual_info,0.010717613818905125,0.005,0.009077201447527142,True
LARGE5->ZEC,1,transfer_entropy,0.00251372525461635,0.005,0.009077201447527142,True
LARGE5->ZEC,2,xcorr,-0.0222237352521524,7.748987974032554e-07,6.372801585201636e-06,True
LARGE5->ZEC,2,ols_hac,-3.0515857080242896,0.0022763604969585384,0.009077201447527142,True
LARGE5->ZEC,2,granger,13.338568167809552,1.6169490300742472e-06,1.229044591041284e-05,True
LARGE5->ZEC,2,rolling_stability,0.7272727272727273,0.052478790283203125,0.07623608047897751,False
LARGE5->ZEC,2,mutual_info,0.009086892325964158,0.005,0.009077201447527142,True
LARGE5->ZEC,2,transfer_entropy,0.0032431115301472246,0.005,0.009077201447527142,True
LARGE5->ZEC,4,xcorr,-0.010679268002424636,0.017582223068114727,0.028575859306169182,True
LARGE5->ZEC,4,ols_hac,-1.2596591106646402,0.20779236186566252,0.26479890313956145,False
LARGE5->ZEC,4,granger,7.605359659070833,4.033226112459254e-06,2.8497677461273134e-05,True
LARGE5->ZEC,4,rolling_stability,0.6363636363636364,0.28627872467041016,0.34717927528522746,False
LARGE5->ZEC,4,mutual_info,0.00620706610971844,0.005,0.009077201447527142,True
LARGE5->ZEC,4,transfer_entropy,0.002233994901830183,0.005,0.009077201447527142,True
LARGE5->ZEC,8,xcorr,0.011225014487742034,0.012572820283247708,0.021260780366615505,True
LARGE5->ZEC,8,ols_hac,1.0229411458896394,0.30633567362654557,0.36941922180124287,False
LARGE5->ZEC,8,granger,4.890535497854665,4.687341437135246e-06,3.2508980934970256e-05,True
LARGE5->ZEC,8,rolling_stability,0.6363636363636364,0.28627872467041016,0.34717927528522746,False
LARGE5->ZEC,8,mutual_info,0.005904861807688455,0.005,0.009077201447527142,True
LARGE5->ZEC,8,transfer_entropy,0.0014552215782761557,0.005,0.009077201447527142,True
LARGE5->ZEC,24,xcorr,-0.030451201001658094,1.2702098898277833e-11,2.2228673071986207e-10,True
LARGE5->ZEC,24,ols_hac,-4.422922637148216,9.737461616284402e-06,6.42757883004738e-05,True
LARGE5->ZEC,24,granger,3.8109990559860427,8.445349709547047e-10,1.2340049818318743e-08,True
LARGE5->ZEC,24,rolling_stability,0.9090909090909091,0.00012111663818359375,0.0006373445470849951,True
LARGE5->ZEC,24,mutual_info,0.006789802883492513,0.005,0.009077201447527142,True
LARGE5->ZEC,24,transfer_entropy,0.001992269607581587,0.005,0.009077201447527142,True
LARGE5->ZEC,1,var_irf,0.04610854673318484,8.620405566643385e-07,6.975113106343169e-06,True
LARGE5->ZEC,2,var_irf,-0.015509362448793716,0.09817005363903003,0.13455913545240455,False
LARGE5->ZEC,4,var_irf,-0.011459180469413457,0.2218881353837775,0.2792154211978137,False
LARGE5->ZEC,8,var_irf,-0.014759134692911341,0.11567190788563872,0.1558515858262187,False
LARGE5->ZEC,24,var_irf,-0.03833389473150733,4.4564803905694945e-05,0.00025599248045065227,True
LARGE5->XTZ,1,xcorr,-0.011746969084990884,0.008941326661875202,0.01575725600248499,True
LARGE5->XTZ,1,ols_hac,-1.4216993236407103,0.15511355656695908,0.202820071792592,False
LARGE5->XTZ,1,granger,56.383456092258605,6.062815842390614e-14,1.4483393401266467e-12,True
LARGE5->XTZ,1,rolling_stability,0.5454545454545454,0.8318119049072266,0.8657516714283374,False
LARGE5->XTZ,1,mutual_info,0.013633082299023158,0.005,0.009077201447527142,True
LARGE5->XTZ,1,transfer_entropy,0.002430555621461661,0.005,0.009077201447527142,True
LARGE5->XTZ,2,xcorr,-0.02766090232213433,7.403079339827802e-10,1.0923170986706709e-08,True
LARGE5->XTZ,2,ols_hac,-3.7319827180568157,0.00018997853803181305,0.0009544812778843559,True
LARGE5->XTZ,2,granger,34.82608402028663,7.688661980498647e-16,2.314287256130093e-14,True
LARGE5->XTZ,2,rolling_stability,0.7272727272727273,0.052478790283203125,0.07623608047897751,False
LARGE5->XTZ,2,mutual_info,0.011143317667486219,0.005,0.009077201447527142,True
LARGE5->XTZ,2,transfer_entropy,0.00395074961923747,0.005,0.009077201447527142,True
LARGE5->XTZ,4,xcorr,-0.014291318447369025,0.0014696791964805965,0.006076558216217851,True
LARGE5->XTZ,4,ols_hac,-1.4382551944078739,0.15036165975473093,0.19763694142434066,False
LARGE5->XTZ,4,granger,19.9362777566494,2.0335214920122858e-16,6.653151837996718e-15,True
LARGE5->XTZ,4,rolling_stability,0.6818181818181818,0.13380050659179688,0.17741829288163374,False
LARGE5->XTZ,4,mutual_info,0.009362531295070031,0.005,0.009077201447527142,True
LARGE5->XTZ,4,transfer_entropy,0.002432907093671499,0.005,0.009077201447527142,True
LARGE5->XTZ,8,xcorr,0.009068446576717145,0.04357601929363547,0.06404483304386854,False
LARGE5->XTZ,8,ols_hac,0.8869506086826391,0.37510549275657845,0.44104200515519576,False
LARGE5->XTZ,8,granger,10.487063879783822,8.257038914791433e-15,2.1425592356484667e-13,True
LARGE5->XTZ,8,rolling_stability,0.5909090909090909,0.5234670639038086,0.5814154473617947,False
LARGE5->XTZ,8,mutual_info,0.008268241992732683,0.005,0.009077201447527142,True
LARGE5->XTZ,8,transfer_entropy,0.00232508942251064,0.005,0.009077201447527142,True
LARGE5->XTZ,24,xcorr,-0.04018986180383738,3.597998130051118e-19,1.4249966278228772e-17,True
LARGE5->XTZ,24,ols_hac,-5.313397462450004,1.0759999255005205e-07,1.058418227371427e-06,True
LARGE5->XTZ,24,granger,7.291494651078318,7.410729834801447e-25,5.31102304827437e-23,True
LARGE5->XTZ,24,rolling_stability,0.8636363636363636,0.0008554458618164062,0.0037102190836705803,True
LARGE5->XTZ,24,mutual_info,0.009004772948060236,0.005,0.009077201447527142,True
LARGE5->XTZ,24,transfer_entropy,0.002868601727685327,0.005,0.009077201447527142,True
LARGE5->XTZ,1,var_irf,0.07314487002465483,8.402395829772542e-14,1.916000867243587e-12,True
LARGE5->XTZ,2,var_irf,-0.03925972040379476,6.342416793400905e-05,0.0003535310101506801,True
LARGE5->XTZ,4,var_irf,-0.02315284081771725,0.018396829844775787,0.029803260405153457,True
LARGE5->XTZ,8,var_irf,-0.007982830761606746,0.41643653531197755,0.47516071694050516,False
LARGE5->XTZ,24,var_irf,-0.05576761918839552,1.302132959636882e-08,1.4846288668587175e-07,True
LARGE5->IOTA,1,xcorr,-0.003979653282909648,0.377098717460579,0.442693892182661,False
LARGE5->IOTA,1,ols_hac,-0.4510439716030071,0.6519578576814578,0.7094076709667116,False
LARGE5->IOTA,1,granger,24.803856355923767,6.368457901762386e-07,5.508350081696777e-06,True
LARGE5->IOTA,1,rolling_stability,0.5909090909090909,0.5234670639038086,0.5814154473617947,False
LARGE5->IOTA,1,mutual_info,0.011308172322593624,0.005,0.009077201447527142,True
LARGE5->IOTA,1,transfer_entropy,0.0029607424822453154,0.005,0.009077201447527142,True
LARGE5->IOTA,2,xcorr,-0.029113501027948633,1.0243126553798442e-10,1.6576242433835113e-09,True
LARGE5->IOTA,2,ols_hac,-3.997616106602096,6.398360893434402e-05,0.00035533332636969645,True
LARGE5->IOTA,2,granger,15.31388673989758,2.2455899708038285e-07,2.0861808062097297e-06,True
LARGE5->IOTA,2,rolling_stability,0.6363636363636364,0.28627872467041016,0.34717927528522746,False
LARGE5->IOTA,2,mutual_info,0.009351866440030498,0.005,0.009077201447527142,True
LARGE5->IOTA,2,transfer_entropy,0.0034402134310598242,0.005,0.009077201447527142,True
LARGE5->IOTA,4,xcorr,-0.0045376686756905555,0.31388498953350197,0.3779175273983364,False
LARGE5->IOTA,4,ols_hac,-0.561951526771803,0.5741490456640946,0.6316478901494608,False
LARGE5->IOTA,4,granger,7.610333429516072,3.995833609730973e-06,2.8366648974741106e-05,True
LARGE5->IOTA,4,rolling_stability,0.6363636363636364,0.28627872467041016,0.34717927528522746,False
LARGE5->IOTA,4,mutual_info,0.006841877009096109,0.005,0.009077201447527142,True
LARGE5->IOTA,4,transfer_entropy,0.0016488412887172288,0.005,0.009077201447527142,True
LARGE5->IOTA,8,xcorr,0.006443855446116787,0.152665848483197,0.2001412038041912,False
LARGE5->IOTA,8,ols_hac,0.6430792206145719,0.5201726969507883,0.5807566089843742,False
LARGE5->IOTA,8,granger,4.69273198226121,9.193212955890963e-06,6.122028981688451e-05,True
LARGE5->IOTA,8,rolling_stability,0.6818181818181818,0.13380050659179688,0.17741829288163374,False
LARGE5->IOTA,8,mutual_info,0.007429058393956911,0.005,0.009077201447527142,True
LARGE5->IOTA,8,transfer_entropy,0.002001396546083445,0.005,0.009077201447527142,True
LARGE5->IOTA,24,xcorr,-0.0406334042679428,1.8266668384525106e-19,7.636482199641746e-18,True
LARGE5->IOTA,24,ols_hac,-6.048127977645561,1.4653853655736353e-09,2.023307316686533e-08,True
LARGE5->IOTA,24,granger,4.647849770611693,3.1484573259162857e-13,6.673842641554943e-12,True
LARGE5->IOTA,24,rolling_stability,0.9545454545454546,1.0967254638671875e-05,7.083999240858871e-05,True
LARGE5->IOTA,24,mutual_info,0.007538346308979982,0.005,0.009077201447527142,True
LARGE5->IOTA,24,transfer_entropy,0.003052537410576317,0.005,0.009077201447527142,True
LARGE5->IOTA,1,var_irf,0.04793549433893205,2.1728861976793554e-06,1.6030361409350147e-05,True
LARGE5->IOTA,2,var_irf,-0.027567850566967225,0.006475738352251729,0.011643950083797911,True
LARGE5->IOTA,4,var_irf,-0.0025141808006901457,0.8039871583356855,0.8473394070694723,False
LARGE5->IOTA,8,var_irf,-0.0037711251169367404,0.7096935751629192,0.7591249684578489,False
LARGE5->IOTA,24,var_irf,-0.05556660338886478,3.940775906244972e-08,4.118658152012974e-07,True
LARGE5->VET,1,xcorr,-0.004448709543597055,0.3237023039306508,0.3878757702353738,False
LARGE5->VET,1,ols_hac,-0.29609623316142386,0.7671565905824812,0.8136509294056619,False
LARGE5->VET,1,granger,73.22572405750005,1.1891679464744408e-17,4.365116486448862e-16,True
LARGE5->VET,1,rolling_stability,0.45454545454545453,0.8318119049072266,0.8657516714283374,False
LARGE5->VET,1,mutual_info,0.013209200253143205,0.005,0.009077201447527142,True
LARGE5->VET,1,transfer_entropy,0.0023881249191495257,0.005,0.009077201447527142,True
LARGE5->VET,2,xcorr,-0.03174257317183072,1.8689841936100847e-12,3.653014560237893e-11,True
LARGE5->VET,2,ols_hac,-3.3063089327062336,0.0009453379788019771,0.004064953308848501,True
LARGE5->VET,2,granger,47.148854980636486,3.492270329856006e-21,1.946617350530848e-19,True
LARGE5->VET,2,rolling_stability,0.7272727272727273,0.052478790283203125,0.07623608047897751,False
LARGE5->VET,2,mutual_info,0.011601265732045452,0.005,0.009077201447527142,True
LARGE5->VET,2,transfer_entropy,0.004885302802221325,0.005,0.009077201447527142,True
LARGE5->VET,4,xcorr,-0.009337639166915306,0.0383158994595524,0.05709448384814491,False
LARGE5->VET,4,ols_hac,-1.0972783943269324,0.27251971266714725,0.3359067711417335,False
LARGE5->VET,4,granger,25.418074477015754,4.556959860906126e-21,2.364905031263352e-19,True
LARGE5->VET,4,rolling_stability,0.5909090909090909,0.5234670639038086,0.5814154473617947,False
LARGE5->VET,4,mutual_info,0.008199243858898253,0.005,0.009077201447527142,True
LARGE5->VET,4,transfer_entropy,0.002724357569296565,0.005,0.009077201447527142,True
LARGE5->VET,8,xcorr,0.006680729364467368,0.138332287497621,0.18299169840842783,False
LARGE5->VET,8,ols_hac,0.6104772001894556,0.5415457421660375,0.5975440141850559,False
LARGE5->VET,8,granger,13.648850206330021,5.893923284810642e-20,2.6879862253454594e-18,True
LARGE5->VET,8,rolling_stability,0.6363636363636364,0.28627872467041016,0.34717927528522746,False
LARGE5->VET,8,mutual_info,0.007977087671248384,0.005,0.009077201447527142,True
LARGE5->VET,8,transfer_entropy,0.0021995604311317862,0.005,0.009077201447527142,True
LARGE5->VET,24,xcorr,-0.04505495786427905,1.5016683701386396e-23,9.04004358823461e-22,True
LARGE5->VET,24,ols_hac,-5.506836089357744,3.653401270794833e-08,3.8720907834832565e-07,True
LARGE5->VET,24,granger,8.165714239262682,7.30735875144611e-29,7.855410657804568e-27,True
LARGE5->VET,24,rolling_stability,0.9545454545454546,1.0967254638671875e-05,7.083999240858871e-05,True
LARGE5->VET,24,mutual_info,0.008960084520788225,0.005,0.009077201447527142,True
LARGE5->VET,24,transfer_entropy,0.0029943259144906698,0.005,0.009077201447527142,True
LARGE5->VET,1,var_irf,0.08958104356554178,6.758819254555537e-17,2.3655867390944382e-15,True
LARGE5->VET,2,var_irf,-0.05309070065217866,7.701037054308451e-07,6.368165256447373e-06,True
LARGE5->VET,4,var_irf,-0.002767982397351291,0.7967469195818626,0.8408864754352758,False
LARGE5->VET,8,var_irf,-0.012349880358906015,0.25054035059074964,0.31187731275452985,False
LARGE5->VET,24,var_irf,-0.03075329249550298,0.004125527441524228,0.009077201447527142,True
LARGE5->THETA,1,xcorr,-0.016133984399071113,0.00047788728904101993,0.0021794556666870756,True
LARGE5->THETA,1,ols_hac,-1.9640639669852142,0.04952267423959995,0.07243112218717,False
LARGE5->THETA,1,granger,0.925513598728838,0.3360363978081632,0.400423419399276,False
LARGE5->THETA,1,rolling_stability,0.6190476190476191,0.38331031799316406,0.4458130050847851,False
LARGE5->THETA,1,mutual_info,0.013642091143057034,0.005,0.009077201447527142,True
LARGE5->THETA,1,transfer_entropy,0.003338489592444205,0.005,0.009077201447527142,True
LARGE5->THETA,2,xcorr,-0.02652943026757139,9.234624800408097e-09,1.0857898691104833e-07,True
LARGE5->THETA,2,ols_hac,-3.510915220828668,0.0004465667930197385,0.0020428055425371016,True
LARGE5->THETA,2,granger,2.7862207661721072,0.061663992959400074,0.08846931306377227,False
LARGE5->THETA,2,rolling_stability,0.6666666666666666,0.18924713134765625,0.24405906827611196,False
LARGE5->THETA,2,mutual_info,0.008678873245179908,0.005,0.009077201447527142,True
LARGE5->THETA,2,transfer_entropy,0.0029722064783022084,0.005,0.009077201447527142,True
LARGE5->THETA,4,xcorr,-0.009921350683994115,0.031732651933727846,0.048732286898224904,True
LARGE5->THETA,4,ols_hac,-1.3249628200061447,0.18518348324065814,0.23984607769121385,False
LARGE5->THETA,4,granger,2.66457161206968,0.03069781547629562,0.047239480870986617,True
LARGE5->THETA,4,rolling_stability,0.47619047619047616,1.0,1.0,False
LARGE5->THETA,4,mutual_info,0.006709744513980542,0.005,0.009077201447527142,True
LARGE5->THETA,4,transfer_entropy,0.001864337032767338,0.005,0.009077201447527142,True
LARGE5->THETA,8,xcorr,0.014318981408230659,0.0019360806757345941,0.0078118000455243,True
LARGE5->THETA,8,ols_hac,1.6505896345146855,0.09882239686157379,0.1353300339187157,False
LARGE5->THETA,8,granger,2.3311667564789658,0.016866962835094132,0.02755721754526653,True
LARGE5->THETA,8,rolling_stability,0.5714285714285714,0.6636238098144531,0.7195632808146628,False
LARGE5->THETA,8,mutual_info,0.006986011060980513,0.005,0.009077201447527142,True
LARGE5->THETA,8,transfer_entropy,0.0023260529742490377,0.005,0.009077201447527142,True
LARGE5->THETA,24,xcorr,-0.039594800564914406,9.853951260437991e-18,3.707549161739794e-16,True
LARGE5->THETA,24,ols_hac,-5.752013812076069,8.8186592528904e-09,1.0450458405984293e-07,True
LARGE5->THETA,24,granger,2.6342013586542965,2.2321421803244065e-05,0.00013330849132492983,True
LARGE5->THETA,24,rolling_stability,0.9523809523809523,2.09808349609375e-05,0.00012681187396068648,True
LARGE5->THETA,24,mutual_info,0.007403617975920707,0.005,0.009077201447527142,True
LARGE5->THETA,24,transfer_entropy,0.0018181652255879754,0.005,0.009077201447527142,True
LARGE5->THETA,1,var_irf,0.007981844792300376,0.4530233908035052,0.5118620143838403,False
LARGE5->THETA,2,var_irf,-0.01842086665784361,0.08342737009900411,0.11679831813860575,False
LARGE5->THETA,4,var_irf,-0.025419245372322843,0.016921553137558432,0.027561620640720173,True
LARGE5->THETA,8,var_irf,-0.007160790728688623,0.5009374331567964,0.5614688690696312,False
LARGE5->THETA,24,var_irf,-0.042887039661288574,5.179787809300395e-05,0.00029417285483007905,True
LARGE5->ALGO,1,xcorr,-0.01775414238004043,0.00013135955710895494,0.0006840696659134158,True
LARGE5->ALGO,1,ols_hac,-2.4785463080005465,0.013191898559533257,0.022158267111716017,True
LARGE5->ALGO,1,granger,3.6652717851228758,0.05556372756414353,0.08048451394036191,False
LARGE5->ALGO,1,rolling_stability,0.7142857142857143,0.0783538818359375,0.11020803005895882,False
LARGE5->ALGO,1,mutual_info,0.012271533870647833,0.005,0.009077201447527142,True
LARGE5->ALGO,1,transfer_entropy,0.002800814839833521,0.005,0.009077201447527142,True
LARGE5->ALGO,2,xcorr,-0.028136924496133215,1.3518771486097135e-09,1.8838658413496472e-08,True
LARGE5->ALGO,2,ols_hac,-4.258605865865987,2.0570579455722305e-05,0.00012533895579296383,True
LARGE5->ALGO,2,granger,4.183819511989743,0.015245939019590269,0.025217652596899835,True
LARGE5->ALGO,2,rolling_stability,0.7142857142857143,0.0783538818359375,0.11020803005895882,False
LARGE5->ALGO,2,mutual_info,0.010872799646594267,0.005,0.009077201447527142,True
LARGE5->ALGO,2,transfer_entropy,0.004035012783958347,0.005,0.009077201447527142,True
LARGE5->ALGO,4,xcorr,-0.00737334428229808,0.11230074674736645,0.15252220414305598,False
LARGE5->ALGO,4,ols_hac,-1.000196337379679,0.3172155013944681,0.38070919425731614,False
LARGE5->ALGO,4,granger,2.176867971292821,0.06885962431849586,0.09813800624937148,False
LARGE5->ALGO,4,rolling_stability,0.47619047619047616,1.0,1.0,False
LARGE5->ALGO,4,mutual_info,0.006809601929234965,0.005,0.009077201447527142,True
LARGE5->ALGO,4,transfer_entropy,0.002262061135127613,0.005,0.009077201447527142,True
LARGE5->ALGO,8,xcorr,0.006502199487802174,0.16141769903137126,0.21051441684767222,False
LARGE5->ALGO,8,ols_hac,0.8748677948838881,0.38164584399092205,0.4458130050847851,False
LARGE5->ALGO,8,granger,1.8341857311511425,0.06584345835608392,0.0941067472230829,False
LARGE5->ALGO,8,rolling_stability,0.6190476190476191,0.38331031799316406,0.4458130050847851,False
LARGE5->ALGO,8,mutual_info,0.00749318623755002,0.005,0.009077201447527142,True
LARGE5->ALGO,8,transfer_entropy,0.0021683544249109232,0.005,0.009077201447527142,True
LARGE5->ALGO,24,xcorr,-0.041722319841955124,2.4622494582121986e-19,1.0015366039484753e-17,True
LARGE5->ALGO,24,ols_hac,-6.687101383999846,2.2763418574712387e-11,3.893061926697971e-10,True
LARGE5->ALGO,24,granger,3.8442983441512086,6.230049780694509e-10,9.376224919945237e-09,True
LARGE5->ALGO,24,rolling_stability,0.7619047619047619,0.02660369873046875,0.04157691234616352,True
LARGE5->ALGO,24,mutual_info,0.009104051941914992,0.005,0.009077201447527142,True
LARGE5->ALGO,24,transfer_entropy,0.0024795182342480793,0.005,0.009077201447527142,True
LARGE5->ALGO,1,var_irf,0.021833103375334124,0.03688620260451766,0.05518263908528735,False
LARGE5->ALGO,2,var_irf,-0.01975206486880616,0.059163854351038304,0.08500014072490819,False
LARGE5->ALGO,4,var_irf,-0.00741460955984438,0.478962287659061,0.53995374002014,False
LARGE5->ALGO,8,var_irf,-0.013435661393219979,0.19956001672669088,0.2560424767038958,False
LARGE5->ALGO,24,var_irf,-0.06739226307534063,1.1499386589724517e-10,1.8217449281616209e-09,True
