ts,basis,spot_tradable,perp_tradable,basis_guard_pass,perp_frozen,spot_close,perp_close
2022-10-01 00:00:00+00:00,0.0004338687198428559,1.0,1.0,1.0,0.0,24.28,24.266
2022-10-02 00:00:00+00:00,0.0005157301833900174,1.0,1.0,1.0,0.0,24.04,24.025
2022-10-03 00:00:00+00:00,0.000693421459410537,1.0,1.0,1.0,0.0,24.75,24.733
2022-10-04 00:00:00+00:00,0.0007816778893789955,1.0,1.0,1.0,0.0,25.11,25.098
2022-10-05 00:00:00+00:00,0.00044556367450332424,1.0,1.0,1.0,0.0,24.76,24.741
2022-10-06 00:00:00+00:00,0.0006464914269748157,1.0,1.0,1.0,0.0,24.5,24.486
2022-10-07 00:00:00+00:00,0.0006303466527026735,1.0,1.0,1.0,0.0,24.48,24.456
2022-10-08 00:00:00+00:00,0.000741933181489185,1.0,1.0,1.0,0.0,24.12,24.102
2022-10-09 00:00:00+00:00,0.000809394566729793,1.0,1.0,1.0,0.0,24.14,24.13
2022-10-10 00:00:00+00:00,0.0006730042412232962,1.0,1.0,1.0,0.0,23.56,23.525
2022-10-11 00:00:00+00:00,0.0004927464760787759,1.0,1.0,1.0,0.0,23.25,23.235
2022-10-12 00:00:00+00:00,0.0006656527479619312,1.0,1.0,1.0,0.0,23.36,23.335
2022-10-13 00:00:00+00:00,0.0006223352294268958,1.0,1.0,1.0,0.0,23.44,23.423
2022-10-14 00:00:00+00:00,0.00031708675693520316,1.0,1.0,1.0,0.0,23.45,23.421
2022-10-15 00:00:00+00:00,0.0007062993482642721,1.0,1.0,1.0,0.0,23.27,23.254
2022-10-16 00:00:00+00:00,0.0007031942142123881,1.0,1.0,1.0,0.0,23.72,23.708
2022-10-17 00:00:00+00:00,0.0004974193437420338,1.0,1.0,1.0,0.0,24.13,24.123
2022-10-18 00:00:00+00:00,0.0007232832047922022,1.0,1.0,1.0,0.0,23.59,23.574
2022-10-19 00:00:00+00:00,0.0006905525004055058,1.0,1.0,1.0,0.0,22.58,22.557
2022-10-20 00:00:00+00:00,0.0007502974335239498,1.0,1.0,1.0,0.0,22.41,22.393
2022-10-21 00:00:00+00:00,0.000805842733208384,1.0,1.0,1.0,0.0,22.45,22.423
2022-10-22 00:00:00+00:00,0.0006203464504187517,1.0,1.0,1.0,0.0,22.59,22.567
2022-10-23 00:00:00+00:00,0.000528191633727193,1.0,1.0,1.0,0.0,23.16,23.153
2022-10-24 00:00:00+00:00,0.0007039465341317497,1.0,1.0,1.0,0.0,22.8,22.769
2022-10-25 00:00:00+00:00,0.0007555904286735693,1.0,1.0,1.0,0.0,23.85,23.821
2022-10-26 00:00:00+00:00,0.0008190821814925142,1.0,1.0,1.0,0.0,24.65,24.623
2022-10-27 00:00:00+00:00,0.0007502616050244493,1.0,1.0,1.0,0.0,24.26,24.234
2022-10-28 00:00:00+00:00,0.0005104964005341328,1.0,1.0,1.0,0.0,24.77,24.746
2022-10-29 00:00:00+00:00,0.000554917162517321,1.0,1.0,1.0,0.0,25.43,25.408
2022-10-30 00:00:00+00:00,0.0003322753643011378,1.0,1.0,1.0,0.0,25.64,25.637
2022-10-31 00:00:00+00:00,0.0005638072041386222,1.0,1.0,1.0,0.0,26.09,26.073
2022-11-01 00:00:00+00:00,0.0007570700182016887,1.0,1.0,1.0,0.0,25.85,25.83
2022-11-02 00:00:00+00:00,0.0007252238254107368,1.0,1.0,1.0,0.0,25.02,24.994
2022-11-03 00:00:00+00:00,0.0006141422695454812,1.0,1.0,1.0,0.0,24.36,24.334
2022-11-04 00:00:00+00:00,0.0005407908049165355,1.0,1.0,1.0,0.0,25.46,25.421
2022-11-05 00:00:00+00:00,0.00040068809533444494,1.0,1.0,1.0,0.0,24.08,24.075
2022-11-06 00:00:00+00:00,0.0007656067346790696,1.0,1.0,1.0,0.0,22.26,22.238
2022-11-07 00:00:00+00:00,0.000313353917131165,1.0,1.0,1.0,0.0,22.08,22.072
2022-11-08 00:00:00+00:00,0.0014926137313276966,1.0,1.0,0.9166666666666666,0.0,5.5,5.472
2022-11-09 00:00:00+00:00,0.01469944461366357,1.0,1.0,0.625,0.0,2.2729,1.7835
2022-11-10 00:00:00+00:00,0.006266585916955725,1.0,1.0,0.75,0.0,3.507,3.5056
2022-11-11 00:00:00+00:00,0.004486078869103904,1.0,1.0,0.8333333333333334,0.0,2.6045,2.6061
2022-11-12 00:00:00+00:00,0.0030361810948902335,1.0,1.0,1.0,0.0,2.1046,2.1028
2022-11-13 00:00:00+00:00,0.0051603223980484225,1.0,1.0,0.875,0.0,1.4869,1.4758
2022-11-14 00:00:00+00:00,-0.07660377358490578,1.0,1.0,0.08333333333333333,0.7916666666666666,1.4928,1.59
2022-11-15 00:00:00+00:00,-0.09924528301886804,1.0,1.0,0.0,1.0,1.4322,1.59
2022-11-16 00:00:00+00:00,-0.09924528301886804,0.20833333333333334,1.0,0.0,1.0,1.4322,1.59
2022-11-17 00:00:00+00:00,-0.09924528301886804,0.0,1.0,0.0,1.0,1.4322,1.59
2022-11-18 00:00:00+00:00,-0.09924528301886804,0.0,1.0,0.0,1.0,1.4322,1.59
2022-11-19 00:00:00+00:00,-0.09924528301886804,0.0,1.0,0.0,1.0,1.4322,1.59
2022-11-20 00:00:00+00:00,-0.09924528301886804,0.0,1.0,0.0,1.0,1.4322,1.59
2022-11-21 00:00:00+00:00,-0.09924528301886804,0.0,1.0,0.0,1.0,1.4322,1.59
2022-11-22 00:00:00+00:00,-0.09924528301886804,0.0,1.0,0.0,1.0,1.4322,1.59
2022-11-23 00:00:00+00:00,-0.09924528301886804,0.0,1.0,0.0,1.0,1.4322,1.59
2022-11-24 00:00:00+00:00,-0.09924528301886804,0.0,1.0,0.0,1.0,1.4322,1.59
2022-11-25 00:00:00+00:00,-0.09924528301886804,0.0,1.0,0.0,1.0,1.4322,1.59
2022-11-26 00:00:00+00:00,-0.09924528301886804,0.0,1.0,0.0,1.0,1.4322,1.59
2022-11-27 00:00:00+00:00,-0.09924528301886804,0.0,1.0,0.0,1.0,1.4322,1.59
2022-11-28 00:00:00+00:00,-0.09924528301886804,0.0,1.0,0.0,1.0,1.4322,1.59
2022-11-29 00:00:00+00:00,-0.09924528301886804,0.0,1.0,0.0,1.0,1.4322,1.59
2022-11-30 00:00:00+00:00,-0.09924528301886804,0.0,1.0,0.0,1.0,1.4322,1.59
2022-12-01 00:00:00+00:00,-0.09924528301886804,0.0,1.0,0.0,1.0,1.4322,1.59
2022-12-02 00:00:00+00:00,-0.09924528301886804,0.0,1.0,0.0,1.0,1.4322,1.59
2022-12-03 00:00:00+00:00,-0.09924528301886804,0.0,1.0,0.0,1.0,1.4322,1.59
2022-12-04 00:00:00+00:00,-0.09924528301886804,0.0,1.0,0.0,1.0,1.4322,1.59
2022-12-05 00:00:00+00:00,-0.09924528301886804,0.0,1.0,0.0,1.0,1.4322,1.59
2022-12-06 00:00:00+00:00,-0.09924528301886804,0.0,1.0,0.0,1.0,1.4322,1.59
2022-12-07 00:00:00+00:00,-0.09924528301886804,0.0,1.0,0.0,1.0,1.4322,1.59
2022-12-08 00:00:00+00:00,-0.09924528301886804,0.0,1.0,0.0,1.0,1.4322,1.59
2022-12-09 00:00:00+00:00,-0.09924528301886804,0.0,1.0,0.0,1.0,1.4322,1.59
2022-12-10 00:00:00+00:00,-0.09924528301886804,0.0,1.0,0.0,1.0,1.4322,1.59
2022-12-11 00:00:00+00:00,-0.09924528301886804,0.0,1.0,0.0,1.0,1.4322,1.59
2022-12-12 00:00:00+00:00,-0.09924528301886804,0.0,1.0,0.0,1.0,1.4322,1.59
2022-12-13 00:00:00+00:00,-0.09924528301886804,0.0,1.0,0.0,1.0,1.4322,1.59
2022-12-14 00:00:00+00:00,-0.09924528301886804,0.0,1.0,0.0,1.0,1.4322,1.59
2022-12-15 00:00:00+00:00,-0.09924528301886804,0.0,1.0,0.0,1.0,1.4322,1.59
2022-12-16 00:00:00+00:00,-0.09924528301886804,0.0,1.0,0.0,1.0,1.4322,1.59
2022-12-17 00:00:00+00:00,-0.09924528301886804,0.0,1.0,0.0,1.0,1.4322,1.59
2022-12-18 00:00:00+00:00,-0.09924528301886804,0.0,1.0,0.0,1.0,1.4322,1.59
2022-12-19 00:00:00+00:00,-0.09924528301886804,0.0,1.0,0.0,1.0,1.4322,1.59
2022-12-20 00:00:00+00:00,-0.09924528301886804,0.0,1.0,0.0,1.0,1.4322,1.59
2022-12-21 00:00:00+00:00,-0.09924528301886804,0.0,1.0,0.0,1.0,1.4322,1.59
2022-12-22 00:00:00+00:00,-0.09924528301886804,0.0,1.0,0.0,1.0,1.4322,1.59
2022-12-23 00:00:00+00:00,-0.09924528301886804,0.0,1.0,0.0,1.0,1.4322,1.59
2022-12-24 00:00:00+00:00,-0.09924528301886804,0.0,1.0,0.0,1.0,1.4322,1.59
2022-12-25 00:00:00+00:00,-0.09924528301886804,0.0,1.0,0.0,1.0,1.4322,1.59
2022-12-26 00:00:00+00:00,-0.09924528301886804,0.0,1.0,0.0,1.0,1.4322,1.59
2022-12-27 00:00:00+00:00,-0.09924528301886804,0.0,1.0,0.0,1.0,1.4322,1.59
2022-12-28 00:00:00+00:00,-0.09924528301886804,0.0,1.0,0.0,1.0,1.4322,1.59
2022-12-29 00:00:00+00:00,-0.09924528301886804,0.0,1.0,0.0,1.0,1.4322,1.59
2022-12-30 00:00:00+00:00,-0.09924528301886804,0.0,1.0,0.0,1.0,1.4322,1.59
2022-12-31 00:00:00+00:00,-0.09924528301886804,0.0,1.0,0.0,1.0,1.4322,1.59
2023-01-01 00:00:00+00:00,-0.09924528301886804,0.0,1.0,0.0,1.0,1.4322,1.59
2023-01-02 00:00:00+00:00,-0.09924528301886804,0.0,1.0,0.0,1.0,1.4322,1.59
2023-01-03 00:00:00+00:00,-0.09924528301886804,0.0,1.0,0.0,1.0,1.4322,1.59
2023-01-04 00:00:00+00:00,-0.09924528301886804,0.0,1.0,0.0,1.0,1.4322,1.59
2023-01-05 00:00:00+00:00,-0.09924528301886804,0.0,1.0,0.0,1.0,1.4322,1.59
2023-01-06 00:00:00+00:00,-0.09924528301886804,0.0,1.0,0.0,1.0,1.4322,1.59
2023-01-07 00:00:00+00:00,-0.09924528301886804,0.0,1.0,0.0,1.0,1.4322,1.59
2023-01-08 00:00:00+00:00,-0.09924528301886804,0.0,1.0,0.0,1.0,1.4322,1.59
2023-01-09 00:00:00+00:00,-0.09924528301886804,0.0,1.0,0.0,1.0,1.4322,1.59
2023-01-10 00:00:00+00:00,-0.09924528301886804,0.0,1.0,0.0,1.0,1.4322,1.59
2023-01-11 00:00:00+00:00,-0.09924528301886804,0.0,1.0,0.0,1.0,1.4322,1.59
2023-01-12 00:00:00+00:00,-0.09924528301886804,0.0,1.0,0.0,1.0,1.4322,1.59
2023-01-13 00:00:00+00:00,-0.09924528301886804,0.0,1.0,0.0,1.0,1.4322,1.59
2023-01-14 00:00:00+00:00,-0.09924528301886804,0.0,1.0,0.0,1.0,1.4322,1.59
2023-01-15 00:00:00+00:00,-0.09924528301886804,0.0,1.0,0.0,1.0,1.4322,1.59
2023-01-16 00:00:00+00:00,-0.09924528301886804,0.0,1.0,0.0,1.0,1.4322,1.59
2023-01-17 00:00:00+00:00,-0.09924528301886804,0.0,1.0,0.0,1.0,1.4322,1.59
2023-01-18 00:00:00+00:00,-0.09924528301886804,0.0,1.0,0.0,1.0,1.4322,1.59
2023-01-19 00:00:00+00:00,-0.09924528301886804,0.0,1.0,0.0,1.0,1.4322,1.59
2023-01-20 00:00:00+00:00,-0.09924528301886804,0.0,1.0,0.0,1.0,1.4322,1.59
2023-01-21 00:00:00+00:00,-0.09924528301886804,0.0,1.0,0.0,1.0,1.4322,1.59
2023-01-22 00:00:00+00:00,-0.09924528301886804,0.0,1.0,0.0,1.0,1.4322,1.59
2023-01-23 00:00:00+00:00,-0.09924528301886804,0.0,1.0,0.0,1.0,1.4322,1.59
2023-01-24 00:00:00+00:00,-0.09924528301886804,0.0,1.0,0.0,1.0,1.4322,1.59
2023-01-25 00:00:00+00:00,-0.09924528301886804,0.0,1.0,0.0,1.0,1.4322,1.59
2023-01-26 00:00:00+00:00,-0.09924528301886804,0.0,1.0,0.0,1.0,1.4322,1.59
2023-01-27 00:00:00+00:00,-0.09924528301886804,0.0,1.0,0.0,1.0,1.4322,1.59
2023-01-28 00:00:00+00:00,-0.09924528301886804,0.0,1.0,0.0,1.0,1.4322,1.59
2023-01-29 00:00:00+00:00,-0.09924528301886804,0.0,1.0,0.0,1.0,1.4322,1.59
2023-01-30 00:00:00+00:00,-0.09924528301886804,0.0,1.0,0.0,1.0,1.4322,1.59
2023-01-31 00:00:00+00:00,-0.09924528301886804,0.0,1.0,0.0,1.0,1.4322,1.59
2023-02-01 00:00:00+00:00,-0.09924528301886804,0.0,1.0,0.0,1.0,1.4322,1.59
2023-02-02 00:00:00+00:00,-0.09924528301886804,0.0,1.0,0.0,1.0,1.4322,1.59
2023-02-03 00:00:00+00:00,-0.09924528301886804,0.0,1.0,0.0,1.0,1.4322,1.59
2023-02-04 00:00:00+00:00,-0.09924528301886804,0.0,1.0,0.0,1.0,1.4322,1.59
2023-02-05 00:00:00+00:00,-0.09924528301886804,0.0,1.0,0.0,1.0,1.4322,1.59
2023-02-06 00:00:00+00:00,-0.09924528301886804,0.0,1.0,0.0,1.0,1.4322,1.59
2023-02-07 00:00:00+00:00,-0.09924528301886804,0.0,1.0,0.0,1.0,1.4322,1.59
2023-02-08 00:00:00+00:00,-0.09924528301886804,0.0,1.0,0.0,1.0,1.4322,1.59
2023-02-09 00:00:00+00:00,-0.09924528301886804,0.0,1.0,0.0,1.0,1.4322,1.59
2023-02-10 00:00:00+00:00,-0.09924528301886804,0.0,1.0,0.0,1.0,1.4322,1.59
2023-02-11 00:00:00+00:00,-0.09924528301886804,0.0,1.0,0.0,1.0,1.4322,1.59
2023-02-12 00:00:00+00:00,-0.09924528301886804,0.0,1.0,0.0,1.0,1.4322,1.59
2023-02-13 00:00:00+00:00,-0.09924528301886804,0.0,1.0,0.0,1.0,1.4322,1.59
2023-02-14 00:00:00+00:00,-0.09924528301886804,0.0,1.0,0.0,1.0,1.4322,1.59
2023-02-15 00:00:00+00:00,-0.09924528301886804,0.0,1.0,0.0,1.0,1.4322,1.59
2023-02-16 00:00:00+00:00,-0.09924528301886804,0.0,1.0,0.0,1.0,1.4322,1.59
2023-02-17 00:00:00+00:00,-0.09924528301886804,0.0,1.0,0.0,1.0,1.4322,1.59
2023-02-18 00:00:00+00:00,-0.09924528301886804,0.0,1.0,0.0,1.0,1.4322,1.59
2023-02-19 00:00:00+00:00,-0.09924528301886804,0.0,1.0,0.0,1.0,1.4322,1.59
2023-02-20 00:00:00+00:00,-0.09924528301886804,0.0,1.0,0.0,1.0,1.4322,1.59
2023-02-21 00:00:00+00:00,-0.09924528301886804,0.0,1.0,0.0,1.0,1.4322,1.59
2023-02-22 00:00:00+00:00,-0.09924528301886804,0.0,1.0,0.0,1.0,1.4322,1.59
2023-02-23 00:00:00+00:00,-0.09924528301886804,0.0,1.0,0.0,1.0,1.4322,1.59
2023-02-24 00:00:00+00:00,-0.09924528301886804,0.0,1.0,0.0,1.0,1.4322,1.59
2023-02-25 00:00:00+00:00,-0.09924528301886804,0.0,1.0,0.0,1.0,1.4322,1.59
2023-02-26 00:00:00+00:00,-0.09924528301886804,0.0,1.0,0.0,1.0,1.4322,1.59
2023-02-27 00:00:00+00:00,-0.09924528301886804,0.0,1.0,0.0,1.0,1.4322,1.59
2023-02-28 00:00:00+00:00,-0.09924528301886804,0.0,1.0,0.0,1.0,1.4322,1.59
2023-03-01 00:00:00+00:00,-0.09924528301886804,0.0,1.0,0.0,1.0,1.4322,1.59
2023-03-02 00:00:00+00:00,-0.09924528301886804,0.0,1.0,0.0,1.0,1.4322,1.59
2023-03-03 00:00:00+00:00,-0.09924528301886804,0.0,1.0,0.0,1.0,1.4322,1.59
2023-03-04 00:00:00+00:00,-0.09924528301886804,0.0,1.0,0.0,1.0,1.4322,1.59
2023-03-05 00:00:00+00:00,-0.09924528301886804,0.0,1.0,0.0,1.0,1.4322,1.59
2023-03-06 00:00:00+00:00,-0.09924528301886804,0.0,1.0,0.0,1.0,1.4322,1.59
2023-03-07 00:00:00+00:00,-0.09924528301886804,0.0,1.0,0.0,1.0,1.4322,1.59
2023-03-08 00:00:00+00:00,-0.09924528301886804,0.0,1.0,0.0,1.0,1.4322,1.59
2023-03-09 00:00:00+00:00,-0.09924528301886804,0.0,1.0,0.0,1.0,1.4322,1.59
2023-03-10 00:00:00+00:00,-0.09924528301886804,0.0,1.0,0.0,1.0,1.4322,1.59
2023-03-11 00:00:00+00:00,-0.09924528301886804,0.0,1.0,0.0,1.0,1.4322,1.59
2023-03-12 00:00:00+00:00,-0.09924528301886804,0.0,1.0,0.0,1.0,1.4322,1.59
2023-03-13 00:00:00+00:00,-0.09924528301886804,0.0,1.0,0.0,1.0,1.4322,1.59
2023-03-14 00:00:00+00:00,-0.09924528301886804,0.0,1.0,0.0,1.0,1.4322,1.59
2023-03-15 00:00:00+00:00,-0.09924528301886804,0.0,1.0,0.0,1.0,1.4322,1.59
2023-03-16 00:00:00+00:00,-0.09924528301886804,0.0,1.0,0.0,1.0,1.4322,1.59
2023-03-17 00:00:00+00:00,-0.09924528301886804,0.0,1.0,0.0,1.0,1.4322,1.59
2023-03-18 00:00:00+00:00,-0.09924528301886804,0.0,1.0,0.0,1.0,1.4322,1.59
2023-03-19 00:00:00+00:00,-0.09924528301886804,0.0,1.0,0.0,1.0,1.4322,1.59
2023-03-20 00:00:00+00:00,-0.09924528301886804,0.0,1.0,0.0,1.0,1.4322,1.59
2023-03-21 00:00:00+00:00,-0.09924528301886804,0.0,1.0,0.0,1.0,1.4322,1.59
2023-03-22 00:00:00+00:00,-0.09924528301886804,0.0,1.0,0.0,1.0,1.4322,1.59
2023-03-23 00:00:00+00:00,-0.09924528301886804,0.0,1.0,0.0,1.0,1.4322,1.59
2023-03-24 00:00:00+00:00,-0.09924528301886804,0.0,1.0,0.0,1.0,1.4322,1.59
2023-03-25 00:00:00+00:00,-0.09924528301886804,0.0,1.0,0.0,1.0,1.4322,1.59
2023-03-26 00:00:00+00:00,-0.09924528301886804,0.0,1.0,0.0,1.0,1.4322,1.59
2023-03-27 00:00:00+00:00,-0.09924528301886804,0.0,1.0,0.0,1.0,1.4322,1.59
2023-03-28 00:00:00+00:00,-0.09924528301886804,0.0,1.0,0.0,1.0,1.4322,1.59
2023-03-29 00:00:00+00:00,-0.09924528301886804,0.0,1.0,0.0,1.0,1.4322,1.59
2023-03-30 00:00:00+00:00,-0.09924528301886804,0.0,1.0,0.0,1.0,1.4322,1.59
2023-03-31 00:00:00+00:00,-0.09924528301886804,0.0,1.0,0.0,1.0,1.4322,1.59
2023-04-01 00:00:00+00:00,-0.09924528301886804,0.0,1.0,0.0,1.0,1.4322,1.59
2023-04-02 00:00:00+00:00,-0.09924528301886804,0.0,1.0,0.0,1.0,1.4322,1.59
2023-04-03 00:00:00+00:00,-0.09924528301886804,0.0,1.0,0.0,1.0,1.4322,1.59
2023-04-04 00:00:00+00:00,-0.09924528301886804,0.0,1.0,0.0,1.0,1.4322,1.59
2023-04-05 00:00:00+00:00,-0.09924528301886804,0.0,1.0,0.0,1.0,1.4322,1.59
2023-04-06 00:00:00+00:00,-0.09924528301886804,0.0,1.0,0.0,1.0,1.4322,1.59
2023-04-07 00:00:00+00:00,-0.09924528301886804,0.0,1.0,0.0,1.0,1.4322,1.59
2023-04-08 00:00:00+00:00,-0.09924528301886804,0.0,1.0,0.0,1.0,1.4322,1.59
2023-04-09 00:00:00+00:00,-0.09924528301886804,0.0,1.0,0.0,1.0,1.4322,1.59
2023-04-10 00:00:00+00:00,-0.09924528301886804,0.0,1.0,0.0,1.0,1.4322,1.59
2023-04-11 00:00:00+00:00,-0.09924528301886804,0.0,1.0,0.0,1.0,1.4322,1.59
2023-04-12 00:00:00+00:00,-0.09924528301886804,0.0,1.0,0.0,1.0,1.4322,1.59
2023-04-13 00:00:00+00:00,-0.09924528301886804,0.0,1.0,0.0,1.0,1.4322,1.59
2023-04-14 00:00:00+00:00,-0.09924528301886804,0.0,1.0,0.0,1.0,1.4322,1.59
2023-04-15 00:00:00+00:00,-0.09924528301886804,0.0,1.0,0.0,1.0,1.4322,1.59
2023-04-16 00:00:00+00:00,-0.09924528301886804,0.0,1.0,0.0,1.0,1.4322,1.59
2023-04-17 00:00:00+00:00,-0.09924528301886804,0.0,1.0,0.0,1.0,1.4322,1.59
2023-04-18 00:00:00+00:00,-0.09924528301886804,0.0,1.0,0.0,1.0,1.4322,1.59
2023-04-19 00:00:00+00:00,-0.09924528301886804,0.0,1.0,0.0,1.0,1.4322,1.59
2023-04-20 00:00:00+00:00,-0.09924528301886804,0.0,1.0,0.0,1.0,1.4322,1.59
2023-04-21 00:00:00+00:00,-0.09924528301886804,0.0,1.0,0.0,1.0,1.4322,1.59
2023-04-22 00:00:00+00:00,-0.09924528301886804,0.0,1.0,0.0,1.0,1.4322,1.59
2023-04-23 00:00:00+00:00,-0.09924528301886804,0.0,1.0,0.0,1.0,1.4322,1.59
2023-04-24 00:00:00+00:00,-0.09924528301886804,0.0,1.0,0.0,1.0,1.4322,1.59
2023-04-25 00:00:00+00:00,-0.09924528301886804,0.0,1.0,0.0,1.0,1.4322,1.59
2023-04-26 00:00:00+00:00,-0.09924528301886804,0.0,1.0,0.0,1.0,1.4322,1.59
2023-04-27 00:00:00+00:00,-0.09924528301886804,0.0,1.0,0.0,1.0,1.4322,1.59
2023-04-28 00:00:00+00:00,-0.09924528301886804,0.0,1.0,0.0,1.0,1.4322,1.59
2023-04-29 00:00:00+00:00,-0.09924528301886804,0.0,1.0,0.0,1.0,1.4322,1.59
2023-04-30 00:00:00+00:00,-0.09924528301886804,0.0,1.0,0.0,1.0,1.4322,1.59
2023-05-01 00:00:00+00:00,-0.09924528301886804,0.0,1.0,0.0,1.0,1.4322,1.59
2023-05-02 00:00:00+00:00,-0.09924528301886804,0.0,1.0,0.0,1.0,1.4322,1.59
2023-05-03 00:00:00+00:00,-0.09924528301886804,0.0,1.0,0.0,1.0,1.4322,1.59
2023-05-04 00:00:00+00:00,-0.09924528301886804,0.0,1.0,0.0,1.0,1.4322,1.59
2023-05-05 00:00:00+00:00,-0.09924528301886804,0.0,1.0,0.0,1.0,1.4322,1.59
2023-05-06 00:00:00+00:00,-0.09924528301886804,0.0,1.0,0.0,1.0,1.4322,1.59
2023-05-07 00:00:00+00:00,-0.09924528301886804,0.0,1.0,0.0,1.0,1.4322,1.59
2023-05-08 00:00:00+00:00,-0.09924528301886804,0.0,1.0,0.0,1.0,1.4322,1.59
2023-05-09 00:00:00+00:00,-0.09924528301886804,0.0,1.0,0.0,1.0,1.4322,1.59
2023-05-10 00:00:00+00:00,-0.09924528301886804,0.0,1.0,0.0,1.0,1.4322,1.59
2023-05-11 00:00:00+00:00,-0.09924528301886804,0.0,1.0,0.0,1.0,1.4322,1.59
2023-05-12 00:00:00+00:00,-0.09924528301886804,0.0,1.0,0.0,1.0,1.4322,1.59
2023-05-13 00:00:00+00:00,-0.09924528301886804,0.0,1.0,0.0,1.0,1.4322,1.59
2023-05-14 00:00:00+00:00,-0.09924528301886804,0.0,1.0,0.0,1.0,1.4322,1.59
2023-05-15 00:00:00+00:00,-0.09924528301886804,0.0,1.0,0.0,1.0,1.4322,1.59
2023-05-16 00:00:00+00:00,-0.09924528301886804,0.0,1.0,0.0,1.0,1.4322,1.59
2023-05-17 00:00:00+00:00,-0.09924528301886804,0.0,1.0,0.0,1.0,1.4322,1.59
2023-05-18 00:00:00+00:00,-0.09924528301886804,0.0,1.0,0.0,1.0,1.4322,1.59
2023-05-19 00:00:00+00:00,-0.09924528301886804,0.0,1.0,0.0,1.0,1.4322,1.59
2023-05-20 00:00:00+00:00,-0.09924528301886804,0.0,1.0,0.0,1.0,1.4322,1.59
2023-05-21 00:00:00+00:00,-0.09924528301886804,0.0,1.0,0.0,1.0,1.4322,1.59
2023-05-22 00:00:00+00:00,-0.09924528301886804,0.0,1.0,0.0,1.0,1.4322,1.59
2023-05-23 00:00:00+00:00,-0.09924528301886804,0.0,1.0,0.0,1.0,1.4322,1.59
2023-05-24 00:00:00+00:00,-0.09924528301886804,0.0,1.0,0.0,1.0,1.4322,1.59
2023-05-25 00:00:00+00:00,-0.09924528301886804,0.0,1.0,0.0,1.0,1.4322,1.59
2023-05-26 00:00:00+00:00,-0.09924528301886804,0.0,1.0,0.0,1.0,1.4322,1.59
2023-05-27 00:00:00+00:00,-0.09924528301886804,0.0,1.0,0.0,1.0,1.4322,1.59
2023-05-28 00:00:00+00:00,-0.09924528301886804,0.0,1.0,0.0,1.0,1.4322,1.59
2023-05-29 00:00:00+00:00,-0.09924528301886804,0.0,1.0,0.0,1.0,1.4322,1.59
2023-05-30 00:00:00+00:00,-0.09924528301886804,0.0,1.0,0.0,1.0,1.4322,1.59
2023-05-31 00:00:00+00:00,-0.09924528301886804,0.0,1.0,0.0,1.0,1.4322,1.59
2023-06-01 00:00:00+00:00,-0.09924528301886804,0.0,1.0,0.0,1.0,1.4322,1.59
2023-06-02 00:00:00+00:00,-0.09924528301886804,0.0,1.0,0.0,1.0,1.4322,1.59
2023-06-03 00:00:00+00:00,-0.09924528301886804,0.0,1.0,0.0,1.0,1.4322,1.59
2023-06-04 00:00:00+00:00,-0.09924528301886804,0.0,1.0,0.0,1.0,1.4322,1.59
2023-06-05 00:00:00+00:00,-0.09924528301886804,0.0,1.0,0.0,1.0,1.4322,1.59
2023-06-06 00:00:00+00:00,-0.09924528301886804,0.0,1.0,0.0,1.0,1.4322,1.59
2023-06-07 00:00:00+00:00,-0.09924528301886804,0.0,1.0,0.0,1.0,1.4322,1.59
2023-06-08 00:00:00+00:00,-0.09924528301886804,0.0,1.0,0.0,1.0,1.4322,1.59
2023-06-09 00:00:00+00:00,-0.09924528301886804,0.0,1.0,0.0,1.0,1.4322,1.59
2023-06-10 00:00:00+00:00,-0.09924528301886804,0.0,1.0,0.0,1.0,1.4322,1.59
2023-06-11 00:00:00+00:00,-0.09924528301886804,0.0,1.0,0.0,1.0,1.4322,1.59
2023-06-12 00:00:00+00:00,-0.09924528301886804,0.0,1.0,0.0,1.0,1.4322,1.59
2023-06-13 00:00:00+00:00,-0.09924528301886804,0.0,1.0,0.0,1.0,1.4322,1.59
2023-06-14 00:00:00+00:00,-0.09924528301886804,0.0,1.0,0.0,1.0,1.4322,1.59
2023-06-15 00:00:00+00:00,-0.09924528301886804,0.0,1.0,0.0,1.0,1.4322,1.59
2023-06-16 00:00:00+00:00,-0.09924528301886804,0.0,1.0,0.0,1.0,1.4322,1.59
2023-06-17 00:00:00+00:00,-0.09924528301886804,0.0,1.0,0.0,1.0,1.4322,1.59
2023-06-18 00:00:00+00:00,-0.09924528301886804,0.0,1.0,0.0,1.0,1.4322,1.59
2023-06-19 00:00:00+00:00,-0.09924528301886804,0.0,1.0,0.0,1.0,1.4322,1.59
2023-06-20 00:00:00+00:00,-0.09924528301886804,0.0,1.0,0.0,1.0,1.4322,1.59
2023-06-21 00:00:00+00:00,-0.09924528301886804,0.0,1.0,0.0,1.0,1.4322,1.59
2023-06-22 00:00:00+00:00,-0.09924528301886804,0.0,1.0,0.0,1.0,1.4322,1.59
2023-06-23 00:00:00+00:00,-0.09924528301886804,0.0,1.0,0.0,1.0,1.4322,1.59
2023-06-24 00:00:00+00:00,-0.09924528301886804,0.0,1.0,0.0,1.0,1.4322,1.59
2023-06-25 00:00:00+00:00,-0.09924528301886804,0.0,1.0,0.0,1.0,1.4322,1.59
2023-06-26 00:00:00+00:00,-0.09924528301886804,0.0,1.0,0.0,1.0,1.4322,1.59
2023-06-27 00:00:00+00:00,-0.09924528301886804,0.0,1.0,0.0,1.0,1.4322,1.59
2023-06-28 00:00:00+00:00,-0.09924528301886804,0.0,1.0,0.0,1.0,1.4322,1.59
2023-06-29 00:00:00+00:00,-0.09924528301886804,0.0,1.0,0.0,1.0,1.4322,1.59
2023-06-30 00:00:00+00:00,-0.09924528301886804,0.0,1.0,0.0,1.0,1.4322,1.59
2023-07-01 00:00:00+00:00,-0.09924528301886804,0.0,1.0,0.0,1.0,1.4322,1.59
2023-07-02 00:00:00+00:00,-0.09924528301886804,0.0,1.0,0.0,1.0,1.4322,1.59
2023-07-03 00:00:00+00:00,-0.09924528301886804,0.0,1.0,0.0,1.0,1.4322,1.59
2023-07-04 00:00:00+00:00,-0.09924528301886804,0.0,1.0,0.0,1.0,1.4322,1.59
2023-07-05 00:00:00+00:00,-0.09924528301886804,0.0,1.0,0.0,1.0,1.4322,1.59
2023-07-06 00:00:00+00:00,-0.09924528301886804,0.0,1.0,0.0,1.0,1.4322,1.59
2023-07-07 00:00:00+00:00,-0.09924528301886804,0.0,1.0,0.0,1.0,1.4322,1.59
2023-07-08 00:00:00+00:00,-0.09924528301886804,0.0,1.0,0.0,1.0,1.4322,1.59
2023-07-09 00:00:00+00:00,-0.09924528301886804,0.0,1.0,0.0,1.0,1.4322,1.59
2023-07-10 00:00:00+00:00,-0.09924528301886804,0.0,1.0,0.0,1.0,1.4322,1.59
2023-07-11 00:00:00+00:00,-0.09924528301886804,0.0,1.0,0.0,1.0,1.4322,1.59
2023-07-12 00:00:00+00:00,-0.09924528301886804,0.0,1.0,0.0,1.0,1.4322,1.59
2023-07-13 00:00:00+00:00,-0.09924528301886804,0.0,1.0,0.0,1.0,1.4322,1.59
2023-07-14 00:00:00+00:00,-0.09924528301886804,0.0,1.0,0.0,1.0,1.4322,1.59
2023-07-15 00:00:00+00:00,-0.09924528301886804,0.0,1.0,0.0,1.0,1.4322,1.59
2023-07-16 00:00:00+00:00,-0.09924528301886804,0.0,1.0,0.0,1.0,1.4322,1.59
2023-07-17 00:00:00+00:00,-0.09924528301886804,0.0,1.0,0.0,1.0,1.4322,1.59
2023-07-18 00:00:00+00:00,-0.09924528301886804,0.0,1.0,0.0,1.0,1.4322,1.59
2023-07-19 00:00:00+00:00,-0.09924528301886804,0.0,1.0,0.0,1.0,1.4322,1.59
2023-07-20 00:00:00+00:00,-0.09924528301886804,0.0,1.0,0.0,1.0,1.4322,1.59
2023-07-21 00:00:00+00:00,-0.09924528301886804,0.0,1.0,0.0,1.0,1.4322,1.59
2023-07-22 00:00:00+00:00,-0.09924528301886804,0.0,1.0,0.0,1.0,1.4322,1.59
2023-07-23 00:00:00+00:00,-0.09924528301886804,0.0,1.0,0.0,1.0,1.4322,1.59
2023-07-24 00:00:00+00:00,-0.09924528301886804,0.0,1.0,0.0,1.0,1.4322,1.59
2023-07-25 00:00:00+00:00,-0.09924528301886804,0.0,1.0,0.0,1.0,1.4322,1.59
2023-07-26 00:00:00+00:00,-0.09924528301886804,0.0,1.0,0.0,1.0,1.4322,1.59
2023-07-27 00:00:00+00:00,-0.09924528301886804,0.0,1.0,0.0,1.0,1.4322,1.59
2023-07-28 00:00:00+00:00,-0.09924528301886804,0.0,1.0,0.0,1.0,1.4322,1.59
2023-07-29 00:00:00+00:00,-0.09924528301886804,0.0,1.0,0.0,1.0,1.4322,1.59
2023-07-30 00:00:00+00:00,-0.09924528301886804,0.0,1.0,0.0,1.0,1.4322,1.59
2023-07-31 00:00:00+00:00,-0.09924528301886804,0.0,1.0,0.0,1.0,1.4322,1.59
2023-08-01 00:00:00+00:00,-0.09924528301886804,0.0,1.0,0.0,1.0,1.4322,1.59
2023-08-02 00:00:00+00:00,-0.09924528301886804,0.0,1.0,0.0,1.0,1.4322,1.59
2023-08-03 00:00:00+00:00,-0.09924528301886804,0.0,1.0,0.0,1.0,1.4322,1.59
2023-08-04 00:00:00+00:00,-0.09924528301886804,0.0,1.0,0.0,1.0,1.4322,1.59
2023-08-05 00:00:00+00:00,-0.09924528301886804,0.0,1.0,0.0,1.0,1.4322,1.59
2023-08-06 00:00:00+00:00,-0.09924528301886804,0.0,1.0,0.0,1.0,1.4322,1.59
2023-08-07 00:00:00+00:00,-0.09924528301886804,0.0,1.0,0.0,1.0,1.4322,1.59
2023-08-08 00:00:00+00:00,-0.09924528301886804,0.0,1.0,0.0,1.0,1.4322,1.59
2023-08-09 00:00:00+00:00,-0.09924528301886804,0.0,1.0,0.0,1.0,1.4322,1.59
2023-08-10 00:00:00+00:00,-0.09924528301886804,0.0,1.0,0.0,1.0,1.4322,1.59
2023-08-11 00:00:00+00:00,-0.09924528301886804,0.0,1.0,0.0,1.0,1.4322,1.59
2023-08-12 00:00:00+00:00,-0.09924528301886804,0.0,1.0,0.0,1.0,1.4322,1.59
2023-08-13 00:00:00+00:00,-0.09924528301886804,0.0,1.0,0.0,1.0,1.4322,1.59
2023-08-14 00:00:00+00:00,-0.09924528301886804,0.0,1.0,0.0,1.0,1.4322,1.59
2023-08-15 00:00:00+00:00,-0.09924528301886804,0.0,1.0,0.0,1.0,1.4322,1.59
2023-08-16 00:00:00+00:00,-0.09924528301886804,0.0,1.0,0.0,1.0,1.4322,1.59
2023-08-17 00:00:00+00:00,-0.09924528301886804,0.0,1.0,0.0,1.0,1.4322,1.59
2023-08-18 00:00:00+00:00,-0.09924528301886804,0.0,1.0,0.0,1.0,1.4322,1.59
2023-08-19 00:00:00+00:00,-0.09924528301886804,0.0,1.0,0.0,1.0,1.4322,1.59
2023-08-20 00:00:00+00:00,-0.09924528301886804,0.0,1.0,0.0,1.0,1.4322,1.59
2023-08-21 00:00:00+00:00,-0.09924528301886804,0.0,1.0,0.0,1.0,1.4322,1.59
2023-08-22 00:00:00+00:00,-0.09924528301886804,0.0,1.0,0.0,1.0,1.4322,1.59
2023-08-23 00:00:00+00:00,-0.09924528301886804,0.0,1.0,0.0,1.0,1.4322,1.59
2023-08-24 00:00:00+00:00,-0.09924528301886804,0.0,1.0,0.0,1.0,1.4322,1.59
2023-08-25 00:00:00+00:00,-0.09924528301886804,0.0,1.0,0.0,1.0,1.4322,1.59
2023-08-26 00:00:00+00:00,-0.09924528301886804,0.0,1.0,0.0,1.0,1.4322,1.59
2023-08-27 00:00:00+00:00,-0.09924528301886804,0.0,1.0,0.0,1.0,1.4322,1.59
2023-08-28 00:00:00+00:00,-0.09924528301886804,0.0,1.0,0.0,1.0,1.4322,1.59
2023-08-29 00:00:00+00:00,-0.09924528301886804,0.0,1.0,0.0,1.0,1.4322,1.59
2023-08-30 00:00:00+00:00,-0.09924528301886804,0.0,1.0,0.0,1.0,1.4322,1.59
2023-08-31 00:00:00+00:00,-0.09924528301886804,0.0,1.0,0.0,1.0,1.4322,1.59
2023-09-01 00:00:00+00:00,-0.09924528301886804,0.0,1.0,0.0,1.0,1.4322,1.59
2023-09-02 00:00:00+00:00,-0.09924528301886804,0.0,1.0,0.0,1.0,1.4322,1.59
2023-09-03 00:00:00+00:00,-0.09924528301886804,0.0,1.0,0.0,1.0,1.4322,1.59
2023-09-04 00:00:00+00:00,-0.09924528301886804,0.0,1.0,0.0,1.0,1.4322,1.59
2023-09-05 00:00:00+00:00,-0.09924528301886804,0.0,1.0,0.0,1.0,1.4322,1.59
2023-09-06 00:00:00+00:00,-0.09924528301886804,0.0,1.0,0.0,1.0,1.4322,1.59
2023-09-07 00:00:00+00:00,-0.09924528301886804,0.0,1.0,0.0,1.0,1.4322,1.59
2023-09-08 00:00:00+00:00,-0.09924528301886804,0.0,1.0,0.0,1.0,1.4322,1.59
2023-09-09 00:00:00+00:00,-0.09924528301886804,0.0,1.0,0.0,1.0,1.4322,1.59
2023-09-10 00:00:00+00:00,-0.09924528301886804,0.0,1.0,0.0,1.0,1.4322,1.59
2023-09-11 00:00:00+00:00,-0.09924528301886804,0.0,1.0,0.0,1.0,1.4322,1.59
2023-09-12 00:00:00+00:00,-0.09924528301886804,0.0,1.0,0.0,1.0,1.4322,1.59
2023-09-13 00:00:00+00:00,-0.09924528301886804,0.0,1.0,0.0,1.0,1.4322,1.59
2023-09-14 00:00:00+00:00,-0.09924528301886804,0.0,1.0,0.0,1.0,1.4322,1.59
2023-09-15 00:00:00+00:00,-0.09924528301886804,0.0,1.0,0.0,1.0,1.4322,1.59
2023-09-16 00:00:00+00:00,-0.09924528301886804,0.0,1.0,0.0,1.0,1.4322,1.59
2023-09-17 00:00:00+00:00,-0.09924528301886804,0.0,1.0,0.0,1.0,1.4322,1.59
2023-09-18 00:00:00+00:00,-0.09924528301886804,0.0,1.0,0.0,1.0,1.4322,1.59
2023-09-19 00:00:00+00:00,-0.09924528301886804,0.0,1.0,0.0,1.0,1.4322,1.59
2023-09-20 00:00:00+00:00,-0.09924528301886804,0.0,1.0,0.0,1.0,1.4322,1.59
2023-09-21 00:00:00+00:00,-0.09924528301886804,0.0,1.0,0.0,1.0,1.4322,1.59
2023-09-22 00:00:00+00:00,-0.30515723270440254,0.6666666666666666,1.0,0.0,1.0,1.0991,1.59
2023-09-23 00:00:00+00:00,-0.3054088050314465,1.0,1.0,0.0,1.0,1.1323,1.59
2023-09-24 00:00:00+00:00,-0.24358490566037738,1.0,1.0,0.0,1.0,1.2268,1.59
2023-09-25 00:00:00+00:00,-0.21084905660377362,1.0,1.0,0.0,1.0,1.26,1.59
2023-09-26 00:00:00+00:00,-0.2263207547169812,1.0,1.0,0.0,1.0,1.1749,1.59
2023-09-27 00:00:00+00:00,-0.2832075471698114,1.0,1.0,0.0,1.0,1.131,1.59
2023-09-28 00:00:00+00:00,-0.28635220125786165,1.0,1.0,0.0,1.0,1.1337,1.59
2023-09-29 00:00:00+00:00,-0.28839622641509444,1.0,1.0,0.0,1.0,1.12,1.59
2023-09-30 00:00:00+00:00,-0.2959748427672957,1.0,1.0,0.0,1.0,1.121,1.59
2023-10-01 00:00:00+00:00,-0.2736477987421384,1.0,1.0,0.0,1.0,1.1825,1.59
2023-10-02 00:00:00+00:00,-0.26918238993710697,1.0,1.0,0.0,1.0,1.1547,1.59
2023-10-03 00:00:00+00:00,-0.24962264150943397,1.0,1.0,0.0,1.0,1.1916,1.59
2023-10-04 00:00:00+00:00,-0.24229559748427676,1.0,1.0,0.0,1.0,1.2045,1.59
2023-10-05 00:00:00+00:00,-0.23238993710691824,1.0,1.0,0.0,1.0,1.2175,1.59
2023-10-06 00:00:00+00:00,-0.24399371069182396,1.0,1.0,0.0,1.0,1.1954,1.59
2023-10-07 00:00:00+00:00,-0.25056603773584907,1.0,1.0,0.0,1.0,1.1934,1.59
2023-10-08 00:00:00+00:00,-0.2625786163522013,1.0,1.0,0.0,1.0,1.159,1.59
2023-10-09 00:00:00+00:00,-0.29987421383647805,1.0,1.0,0.0,1.0,1.061,1.59
2023-10-10 00:00:00+00:00,-0.3387735849056604,1.0,1.0,0.0,1.0,1.0447,1.59
2023-10-11 00:00:00+00:00,-0.354559748427673,1.0,1.0,0.0,1.0,1.0151,1.59
2023-10-12 00:00:00+00:00,-0.3447798742138365,1.0,1.0,0.0,1.0,1.0466,1.59
2023-10-13 00:00:00+00:00,-0.3395911949685535,1.0,1.0,0.0,1.0,1.05,1.59
2023-10-14 00:00:00+00:00,-0.3427672955974843,1.0,1.0,0.0,1.0,1.0447,1.59
2023-10-15 00:00:00+00:00,-0.3395911949685535,1.0,1.0,0.0,1.0,1.0448,1.59
2023-10-16 00:00:00+00:00,-0.3355345911949686,1.0,1.0,0.0,1.0,1.0557,1.59
2023-10-17 00:00:00+00:00,-0.35059748427672965,1.0,1.0,0.0,1.0,1.0205,1.59
2023-10-18 00:00:00+00:00,-0.36927672955974844,1.0,1.0,0.0,1.0,1.0078,1.59
2023-10-19 00:00:00+00:00,-0.34861635220125786,1.0,1.0,0.0,1.0,1.0314,1.59
2023-10-20 00:00:00+00:00,-0.33820754716981133,1.0,1.0,0.0,1.0,1.047,1.59
2023-10-21 00:00:00+00:00,-0.34213836477987425,1.0,1.0,0.0,1.0,1.0464,1.59
2023-10-22 00:00:00+00:00,-0.34308176100628934,1.0,1.0,0.0,1.0,1.048,1.59
2023-10-23 00:00:00+00:00,-0.3388993710691824,1.0,1.0,0.0,1.0,1.0721,1.59
2023-10-24 00:00:00+00:00,-0.3120754716981132,1.0,1.0,0.0,1.0,1.14,1.59
2023-10-25 00:00:00+00:00,-0.2622955974842768,1.0,1.0,0.0,1.0,1.291,1.59
2023-10-26 00:00:00+00:00,-0.1865408805031447,1.0,1.0,0.0,1.0,1.2909,1.59
2023-10-27 00:00:00+00:00,-0.1839937106918239,1.0,1.0,0.0,1.0,1.2548,1.59
2023-10-28 00:00:00+00:00,-0.19981132075471703,1.0,1.0,0.0,1.0,1.27,1.59
2023-10-29 00:00:00+00:00,-0.19691823899371075,1.0,1.0,0.0,1.0,1.2734,1.59
2023-10-30 00:00:00+00:00,-0.20207547169811324,1.0,1.0,0.0,1.0,1.2569,1.59
2023-10-31 00:00:00+00:00,-0.2194654088050314,1.0,1.0,0.0,1.0,1.2207,1.59
2023-11-01 00:00:00+00:00,-0.22556603773584916,1.0,1.0,0.0,1.0,1.271,1.59
2023-11-02 00:00:00+00:00,-0.2093081761006289,1.0,1.0,0.0,1.0,1.2575,1.59
2023-11-03 00:00:00+00:00,-0.25905660377358497,1.0,1.0,0.0,1.0,1.1682,1.59
2023-11-04 00:00:00+00:00,-0.2559119496855346,1.0,1.0,0.0,1.0,1.1783,1.59
2023-11-05 00:00:00+00:00,-0.2822327044025158,1.0,1.0,0.0,1.0,1.1386,1.59
2023-11-06 00:00:00+00:00,-0.27059748427672964,1.0,1.0,0.0,1.0,1.2308,1.59
2023-11-07 00:00:00+00:00,-0.2382075471698113,1.0,1.0,0.0,1.0,1.2155,1.59
2023-11-08 00:00:00+00:00,-0.2180188679245283,1.0,1.0,0.0,1.0,1.356,1.59
2023-11-09 00:00:00+00:00,0.3290566037735849,1.0,1.0,0.0,1.0,2.1999,1.59
2023-11-10 00:00:00+00:00,0.8944339622641508,1.0,1.0,0.0,1.0,4.3264,1.59
2023-11-11 00:00:00+00:00,1.706572327044025,1.0,1.0,0.0,1.0,3.2405,1.59
2023-11-12 00:00:00+00:00,1.1660691823899372,1.0,1.0,0.0,1.0,3.4174,1.59
2023-11-13 00:00:00+00:00,1.1954402515723268,1.0,1.0,0.0,1.0,3.0783,1.59
2023-11-14 00:00:00+00:00,1.045377358490566,1.0,1.0,0.0,1.0,3.1944,1.59
2023-11-15 00:00:00+00:00,1.2266037735849056,1.0,1.0,0.0,1.0,3.6208,1.59
2023-11-16 00:00:00+00:00,1.2199685534591194,1.0,1.0,0.0,1.0,3.35,1.59
2023-11-17 00:00:00+00:00,0.946446540880503,1.0,1.0,0.0,1.0,3.1544,1.59
2023-11-18 00:00:00+00:00,1.0646855345911947,1.0,1.0,0.0,1.0,3.435,1.59
2023-11-19 00:00:00+00:00,1.1335849056603773,1.0,1.0,0.0,1.0,3.42,1.59
2023-11-20 00:00:00+00:00,1.0940880503144652,1.0,1.0,0.0,1.0,3.1265,1.59
2023-11-21 00:00:00+00:00,0.9564779874213836,1.0,1.0,0.0,1.0,3.2681,1.59
2023-11-22 00:00:00+00:00,1.5394968553459119,1.0,1.0,0.0,1.0,4.4429,1.59
2023-11-23 00:00:00+00:00,1.7870125786163518,1.0,1.0,0.0,1.0,4.2944,1.59
2023-11-24 00:00:00+00:00,1.5968553459119494,1.0,1.0,0.0,1.0,4.3794,1.59
2023-11-25 00:00:00+00:00,1.6587106918238992,1.0,1.0,0.0,1.0,4.1981,1.59
2023-11-26 00:00:00+00:00,1.5637421383647798,1.0,1.0,0.0,1.0,4.0241,1.59
2023-11-27 00:00:00+00:00,1.295503144654088,1.0,1.0,0.0,1.0,3.6297,1.59
2023-11-28 00:00:00+00:00,1.5970440251572324,1.0,1.0,0.0,1.0,4.0932,1.59
2023-11-29 00:00:00+00:00,1.547264150943396,1.0,1.0,0.0,1.0,4.101,1.59
2023-11-30 00:00:00+00:00,1.5672641509433962,1.0,1.0,0.0,1.0,4.0981,1.59
2023-12-01 00:00:00+00:00,1.5952201257861631,1.0,1.0,0.0,1.0,4.1054,1.59
2023-12-02 00:00:00+00:00,1.6075471698113206,1.0,1.0,0.0,1.0,4.2272,1.59
2023-12-03 00:00:00+00:00,1.9245283018867922,1.0,1.0,0.0,1.0,4.9902,1.59
2023-12-04 00:00:00+00:00,2.0541823899371066,1.0,1.0,0.0,1.0,4.6358,1.59
2023-12-05 00:00:00+00:00,1.7741509433962261,1.0,1.0,0.0,1.0,4.4059,1.59
2023-12-06 00:00:00+00:00,1.7871698113207546,1.0,1.0,0.0,1.0,4.3063,1.59
2023-12-07 00:00:00+00:00,1.7665094339622638,1.0,1.0,0.0,1.0,4.4325,1.59
2023-12-08 00:00:00+00:00,1.8166037735849057,1.0,1.0,0.0,1.0,4.4899,1.59
2023-12-09 00:00:00+00:00,1.8859748427672953,1.0,1.0,0.0,1.0,4.6674,1.59
2023-12-10 00:00:00+00:00,2.4456603773584904,1.0,1.0,0.0,1.0,5.57,1.59
2023-12-11 00:00:00+00:00,2.1242767295597482,1.0,1.0,0.0,1.0,5.1553,1.59
2023-12-12 00:00:00+00:00,2.1085849056603774,1.0,1.0,0.0,1.0,4.9502,1.59
2023-12-13 00:00:00+00:00,2.174874213836478,1.0,1.0,0.0,1.0,5.0763,1.59
2023-12-14 00:00:00+00:00,2.072138364779874,1.0,1.0,0.0,1.0,4.9187,1.59
2023-12-15 00:00:00+00:00,1.8319182389937103,1.0,1.0,0.0,1.0,4.0905,1.59
2023-12-16 00:00:00+00:00,1.5422327044025155,1.0,1.0,0.0,1.0,3.8609,1.59
2023-12-17 00:00:00+00:00,1.3204716981132072,1.0,1.0,0.0,1.0,3.5889,1.59
2023-12-18 00:00:00+00:00,1.1597169811320756,1.0,1.0,0.0,1.0,3.407,1.59
2023-12-19 00:00:00+00:00,1.295251572327044,1.0,1.0,0.0,1.0,3.7858,1.59
2023-12-20 00:00:00+00:00,1.3169496855345908,1.0,1.0,0.0,1.0,3.697,1.59
2023-12-21 00:00:00+00:00,1.3033647798742136,1.0,1.0,0.0,1.0,3.6648,1.59
2023-12-22 00:00:00+00:00,1.2638364779874212,1.0,1.0,0.0,1.0,3.5997,1.59
2023-12-23 00:00:00+00:00,1.2747484276729557,1.0,1.0,0.0,1.0,3.6805,1.59
2023-12-24 00:00:00+00:00,1.3684591194968552,1.0,1.0,0.0,1.0,3.7168,1.59
2023-12-25 00:00:00+00:00,1.2856918238993709,1.0,1.0,0.0,1.0,3.6516,1.59
2023-12-26 00:00:00+00:00,1.2409748427672955,1.0,1.0,0.0,1.0,3.446,1.59
2023-12-27 00:00:00+00:00,1.1233333333333333,1.0,1.0,0.0,1.0,3.3722,1.59
2023-12-28 00:00:00+00:00,0.990188679245283,1.0,1.0,0.0,1.0,3.0957,1.59
2023-12-29 00:00:00+00:00,0.9016352201257861,1.0,1.0,0.0,1.0,2.9868,1.59
2023-12-30 00:00:00+00:00,1.1439937106918239,1.0,1.0,0.0,1.0,3.3985,1.59
2023-12-31 00:00:00+00:00,1.0483018867924525,1.0,1.0,0.0,1.0,3.064,1.59
2024-01-01 00:00:00+00:00,0.9462893081761006,1.0,1.0,0.0,1.0,3.1454,1.59
2024-01-02 00:00:00+00:00,1.000880503144654,1.0,1.0,0.0,1.0,3.1226,1.59
2024-01-03 00:00:00+00:00,0.8553773584905658,1.0,1.0,0.0,1.0,2.7471,1.59
2024-01-04 00:00:00+00:00,0.76062893081761,1.0,1.0,0.0,1.0,2.8925,1.59
2024-01-05 00:00:00+00:00,0.751383647798742,1.0,1.0,0.0,1.0,2.8561,1.59
2024-01-06 00:00:00+00:00,0.7286163522012578,1.0,1.0,0.0,1.0,2.734,1.59
2024-01-07 00:00:00+00:00,0.6990880503144654,1.0,1.0,0.0,1.0,2.5354,1.59
2024-01-08 00:00:00+00:00,0.5756603773584905,1.0,1.0,0.0,1.0,2.6582,1.59
2024-01-09 00:00:00+00:00,0.5753144654088049,1.0,1.0,0.0,1.0,2.467,1.59
2024-01-10 00:00:00+00:00,0.5419811320754717,1.0,1.0,0.0,1.0,2.583,1.59
2024-01-11 00:00:00+00:00,0.6871069182389935,1.0,1.0,0.0,1.0,2.6947,1.59
2024-01-12 00:00:00+00:00,0.9715408805031445,1.0,1.0,0.0,1.0,3.1531,1.59
2024-01-13 00:00:00+00:00,0.8905660377358489,1.0,1.0,0.0,1.0,3.0242,1.59
2024-01-14 00:00:00+00:00,0.8637421383647799,1.0,1.0,0.0,1.0,2.9567,1.59
2024-01-15 00:00:00+00:00,0.9322012578616351,1.0,1.0,0.0,1.0,3.0863,1.59
2024-01-16 00:00:00+00:00,0.9622955974842766,1.0,1.0,0.0,1.0,3.1211,1.59
2024-01-17 00:00:00+00:00,0.8959119496855344,1.0,1.0,0.0,1.0,2.9968,1.59
2024-01-18 00:00:00+00:00,0.8255660377358491,1.0,1.0,0.0,1.0,2.7533,1.59
2024-01-19 00:00:00+00:00,0.7027358490566038,1.0,1.0,0.0,1.0,2.679,1.59
2024-01-20 00:00:00+00:00,0.6557861635220125,1.0,1.0,0.0,1.0,2.713,1.59
2024-01-21 00:00:00+00:00,0.7024213836477986,1.0,1.0,0.0,1.0,2.7029,1.59
2024-01-22 00:00:00+00:00,0.6374213836477987,1.0,1.0,0.0,1.0,2.7271,1.59
2024-01-23 00:00:00+00:00,0.6748427672955974,1.0,1.0,0.0,1.0,2.6557,1.59
2024-01-24 00:00:00+00:00,0.685125786163522,1.0,1.0,0.0,1.0,2.6812,1.59
2024-01-25 00:00:00+00:00,0.6608176100628931,1.0,1.0,0.0,1.0,2.5958,1.59
2024-01-26 00:00:00+00:00,0.6693396226415094,1.0,1.0,0.0,1.0,2.6884,1.59
2024-01-27 00:00:00+00:00,0.7267924528301886,1.0,1.0,0.0,1.0,2.7561,1.59
2024-01-28 00:00:00+00:00,0.7363522012578615,1.0,1.0,0.0,1.0,2.7193,1.59
2024-01-29 00:00:00+00:00,0.7203773584905659,1.0,1.0,0.0,1.0,2.763,1.59
2024-01-30 00:00:00+00:00,0.71251572327044,1.0,1.0,0.0,1.0,2.6925,1.59
2024-01-31 00:00:00+00:00,0.665,1.0,1.0,0.0,1.0,2.2883,1.59
2024-02-01 00:00:00+00:00,0.23433962264150943,1.0,1.0,0.0,1.0,1.9034,1.59
2024-02-02 00:00:00+00:00,0.18968553459119497,1.0,1.0,0.0,1.0,1.8593,1.59
2024-02-03 00:00:00+00:00,0.1688050314465408,1.0,1.0,0.0,1.0,1.7868,1.59
2024-02-04 00:00:00+00:00,0.08757861635220121,1.0,1.0,0.0,1.0,1.716,1.59
2024-02-05 00:00:00+00:00,0.09635220125786159,1.0,1.0,0.0,1.0,1.7322,1.59
2024-02-06 00:00:00+00:00,0.02597484276729556,1.0,1.0,0.4166666666666667,1.0,1.6059,1.59
2024-02-07 00:00:00+00:00,0.014150943396226356,1.0,1.0,0.6666666666666666,1.0,1.6405,1.59
2024-02-08 00:00:00+00:00,0.020597484276729472,1.0,1.0,0.4583333333333333,1.0,1.5848,1.59
2024-02-09 00:00:00+00:00,0.007830188679245231,1.0,1.0,1.0,1.0,1.6094,1.59
2024-02-10 00:00:00+00:00,0.013742138364779777,1.0,1.0,0.7083333333333334,1.0,1.9019,1.59
2024-02-11 00:00:00+00:00,0.20213836477987412,1.0,1.0,0.0,1.0,1.845,1.59
2024-02-12 00:00:00+00:00,0.13751572327044015,1.0,1.0,0.0,1.0,1.8087,1.59
2024-02-13 00:00:00+00:00,0.12789308176100622,1.0,1.0,0.0,1.0,1.7865,1.59
2024-02-14 00:00:00+00:00,0.13097484276729554,1.0,1.0,0.0,1.0,1.8024,1.59
2024-02-15 00:00:00+00:00,0.1399371069182389,1.0,1.0,0.0,1.0,1.8595,1.59
2024-02-16 00:00:00+00:00,0.156823899371069,1.0,1.0,0.0,1.0,1.8225,1.59
2024-02-17 00:00:00+00:00,0.1466666666666666,1.0,1.0,0.0,1.0,1.81,1.59
2024-02-18 00:00:00+00:00,0.15474842767295593,1.0,1.0,0.0,1.0,1.8377,1.59
2024-02-19 00:00:00+00:00,0.14764150943396215,1.0,1.0,0.0,1.0,1.8193,1.59
2024-02-20 00:00:00+00:00,0.12698113207547157,1.0,1.0,0.0,1.0,1.7428,1.59
2024-02-21 00:00:00+00:00,0.07720125786163523,1.0,1.0,0.0,1.0,1.7223,1.59
2024-02-22 00:00:00+00:00,0.10943396226415092,1.0,1.0,0.0,1.0,1.7354,1.59
2024-02-23 00:00:00+00:00,0.08566037735849052,1.0,1.0,0.0,1.0,1.7081,1.59
2024-02-24 00:00:00+00:00,0.10405660377358483,1.0,1.0,0.0,1.0,1.7598,1.59
2024-02-25 00:00:00+00:00,0.09968553459119489,1.0,1.0,0.0,1.0,1.8153,1.59
2024-02-26 00:00:00+00:00,0.11745283018867925,1.0,1.0,0.0,1.0,1.7821,1.59
2024-02-27 00:00:00+00:00,0.11078616352201254,1.0,1.0,0.0,1.0,1.7294,1.59
2024-02-28 00:00:00+00:00,0.09349056603773576,1.0,1.0,0.0,1.0,1.7004,1.59
2024-02-29 00:00:00+00:00,0.14889937106918227,1.0,1.0,0.0,1.0,1.8053,1.59
2024-03-01 00:00:00+00:00,0.14311320754716972,1.0,1.0,0.0,1.0,1.8922,1.59
2024-03-02 00:00:00+00:00,0.36355345911949677,1.0,1.0,0.0,1.0,2.3311,1.59
2024-03-03 00:00:00+00:00,0.40254716981132077,1.0,1.0,0.0,1.0,2.268,1.59
2024-03-04 00:00:00+00:00,0.354748427672956,1.0,1.0,0.0,1.0,2.1073,1.59
2024-03-05 00:00:00+00:00,0.3734276729559747,1.0,1.0,0.0,1.0,2.4979,1.59
2024-03-06 00:00:00+00:00,0.5943081761006289,1.0,1.0,0.0,1.0,2.5323,1.59
2024-03-07 00:00:00+00:00,0.5834276729559748,1.0,1.0,0.0,1.0,2.5228,1.59
2024-03-08 00:00:00+00:00,0.5454088050314465,1.0,1.0,0.0,1.0,2.4068,1.59
2024-03-09 00:00:00+00:00,0.5336792452830188,1.0,1.0,0.0,1.0,2.4754,1.59
2024-03-10 00:00:00+00:00,0.47861635220125776,1.0,1.0,0.0,1.0,2.3069,1.59
2024-03-11 00:00:00+00:00,0.419433962264151,1.0,1.0,0.0,1.0,2.2666,1.59
2024-03-12 00:00:00+00:00,0.45540880503144643,1.0,1.0,0.0,1.0,2.3739,1.59
2024-03-13 00:00:00+00:00,0.5258805031446541,1.0,1.0,0.0,1.0,2.4149,1.59
2024-03-14 00:00:00+00:00,0.5403773584905658,1.0,1.0,0.0,1.0,2.5463,1.59
2024-03-15 00:00:00+00:00,0.4677672955974842,1.0,1.0,0.0,1.0,2.2958,1.59
2024-03-16 00:00:00+00:00,0.4172012578616351,1.0,1.0,0.0,1.0,2.0035,1.59
2024-03-17 00:00:00+00:00,0.2534591194968553,1.0,1.0,0.0,1.0,2.0953,1.59
2024-03-18 00:00:00+00:00,0.23367924528301887,1.0,1.0,0.0,1.0,1.9547,1.59
2024-03-19 00:00:00+00:00,0.1468238993710691,1.0,1.0,0.0,1.0,1.7728,1.59
2024-03-20 00:00:00+00:00,0.14610062893081754,1.0,1.0,0.0,1.0,1.8873,1.59
2024-03-21 00:00:00+00:00,0.20411949685534592,1.0,1.0,0.0,1.0,1.996,1.59
2024-03-22 00:00:00+00:00,0.21764150943396232,1.0,1.0,0.0,1.0,1.9374,1.59
2024-03-23 00:00:00+00:00,0.27471698113207554,1.0,1.0,0.0,1.0,2.1052,1.59
2024-03-24 00:00:00+00:00,0.2984276729559747,1.0,1.0,0.0,1.0,2.0959,1.59
2024-03-25 00:00:00+00:00,0.32311320754716977,1.0,1.0,0.0,1.0,2.1773,1.59
2024-03-26 00:00:00+00:00,0.38594339622641494,1.0,1.0,0.0,1.0,2.13,1.59
2024-03-27 00:00:00+00:00,0.3529245283018867,1.0,1.0,0.0,1.0,2.0806,1.59
2024-03-28 00:00:00+00:00,0.3246226415094339,1.0,1.0,0.0,1.0,1.925,1.59
2024-03-29 00:00:00+00:00,0.1992138364779873,1.0,1.0,0.0,1.0,1.9,1.59
2024-03-30 00:00:00+00:00,0.2007861635220125,1.0,1.0,0.0,1.0,1.938,1.59
2024-03-31 00:00:00+00:00,0.20628930817610058,1.0,1.0,0.0,1.0,1.9114,1.59
2024-04-01 00:00:00+00:00,0.15805031446540874,1.0,1.0,0.0,1.0,1.8279,1.59
2024-04-02 00:00:00+00:00,0.09594339622641501,1.0,1.0,0.0,1.0,1.7219,1.59
2024-04-03 00:00:00+00:00,0.09889937106918245,1.0,1.0,0.0,1.0,1.7014,1.59
2024-04-04 00:00:00+00:00,0.08144654088050307,1.0,1.0,0.0,1.0,1.73,1.59
2024-04-05 00:00:00+00:00,0.04732704402515708,1.0,1.0,0.0,1.0,1.6676,1.59
2024-04-06 00:00:00+00:00,0.06047169811320752,1.0,1.0,0.0,1.0,1.6881,1.59
2024-04-07 00:00:00+00:00,0.07726415094339623,1.0,1.0,0.0,1.0,1.7208,1.59
2024-04-08 00:00:00+00:00,0.08597484276729561,1.0,1.0,0.0,1.0,1.738,1.59
2024-04-09 00:00:00+00:00,0.058113207547169754,1.0,1.0,0.0,1.0,1.6519,1.59
2024-04-10 00:00:00+00:00,0.009811320754716912,1.0,1.0,0.6666666666666666,1.0,1.5977,1.59
2024-04-11 00:00:00+00:00,0.006509433962264,1.0,1.0,0.7916666666666666,1.0,1.755,1.59
2024-04-12 00:00:00+00:00,0.025377358490565882,1.0,1.0,0.20833333333333334,1.0,1.3861,1.59
2024-04-13 00:00:00+00:00,-0.1371698113207548,1.0,1.0,0.0,1.0,1.1747,1.59
2024-04-14 00:00:00+00:00,-0.21424528301886803,1.0,1.0,0.0,1.0,1.3,1.59
2024-04-15 00:00:00+00:00,-0.18509433962264155,1.0,1.0,0.0,1.0,1.241,1.59
2024-04-16 00:00:00+00:00,-0.21009433962264157,1.0,1.0,0.0,1.0,1.3,1.59
2024-04-17 00:00:00+00:00,-0.21694968553459126,1.0,1.0,0.0,1.0,1.2302,1.59
2024-04-18 00:00:00+00:00,-0.21238993710691834,1.0,1.0,0.0,1.0,1.2622,1.59
2024-04-19 00:00:00+00:00,-0.20833333333333337,1.0,1.0,0.0,1.0,1.2393,1.59
2024-04-20 00:00:00+00:00,-0.1623899371069183,1.0,1.0,0.0,1.0,1.3848,1.59
2024-04-21 00:00:00+00:00,-0.13544025157232709,1.0,1.0,0.0,1.0,1.4249,1.59
2024-04-22 00:00:00+00:00,-0.028427672955974814,1.0,1.0,0.3333333333333333,1.0,1.5421,1.59
2024-04-23 00:00:00+00:00,-0.03037735849056611,1.0,1.0,0.2916666666666667,1.0,1.4818,1.59
2024-04-24 00:00:00+00:00,-0.06358490566037744,1.0,1.0,0.0,1.0,1.4048,1.59
2024-04-25 00:00:00+00:00,-0.1065408805031447,1.0,1.0,0.0,1.0,1.4429,1.59
2024-04-26 00:00:00+00:00,-0.058301886792452906,1.0,1.0,0.0,1.0,1.5504,1.59
2024-04-27 00:00:00+00:00,-0.08056603773584914,1.0,1.0,0.0,1.0,1.4701,1.59
2024-04-28 00:00:00+00:00,-0.0795283018867925,1.0,1.0,0.0,1.0,1.4499,1.59
2024-04-29 00:00:00+00:00,-0.114937106918239,1.0,1.0,0.0,1.0,1.4155,1.59
2024-04-30 00:00:00+00:00,-0.16261006289308177,1.0,1.0,0.0,1.0,1.3568,1.59
2024-05-01 00:00:00+00:00,-0.14226415094339628,1.0,1.0,0.0,1.0,1.4927,1.59
2024-05-02 00:00:00+00:00,-0.060188679245283094,1.0,1.0,0.08333333333333333,1.0,1.4937,1.59
2024-05-03 00:00:00+00:00,-0.05669811320754725,1.0,1.0,0.0,1.0,1.5113,1.59
2024-05-04 00:00:00+00:00,-0.057861635220125884,1.0,1.0,0.0,1.0,1.496,1.59
2024-05-05 00:00:00+00:00,-0.07556603773584913,1.0,1.0,0.0,1.0,1.497,1.59
2024-05-06 00:00:00+00:00,-0.04081761006289314,1.0,1.0,0.08333333333333333,1.0,1.64,1.59
2024-05-07 00:00:00+00:00,0.02462264150943383,1.0,1.0,0.375,1.0,1.6597,1.59
2024-05-08 00:00:00+00:00,0.2535220125786163,1.0,1.0,0.0,1.0,1.9553,1.59
2024-05-09 00:00:00+00:00,0.15732704402515707,1.0,1.0,0.0,1.0,1.7846,1.59
2024-05-10 00:00:00+00:00,0.11572327044025155,1.0,1.0,0.0,1.0,1.6769,1.59
2024-05-11 00:00:00+00:00,0.03314465408805023,1.0,1.0,0.041666666666666664,1.0,1.6118,1.59
2024-05-12 00:00:00+00:00,0.04990566037735844,1.0,1.0,0.125,1.0,1.887,1.59
2024-05-13 00:00:00+00:00,0.1180503144654087,1.0,1.0,0.0,1.0,1.7194,1.59
2024-05-14 00:00:00+00:00,0.059025157232704295,1.0,1.0,0.0,1.0,1.6755,1.59
2024-05-15 00:00:00+00:00,0.06672955974842765,1.0,1.0,0.0,1.0,1.7213,1.59
2024-05-16 00:00:00+00:00,0.06550314465408802,1.0,1.0,0.0,1.0,1.6385,1.59
2024-05-17 00:00:00+00:00,0.04537735849056601,1.0,1.0,0.0,1.0,1.6638,1.59
2024-05-18 00:00:00+00:00,0.03314465408805023,1.0,1.0,0.041666666666666664,1.0,1.6326,1.59
2024-05-19 00:00:00+00:00,0.0033333333333332993,1.0,1.0,0.375,1.0,1.5162,1.59
2024-05-20 00:00:00+00:00,0.011069182389936927,1.0,1.0,0.3333333333333333,1.0,1.6633,1.59
2024-05-21 00:00:00+00:00,0.03965408805031434,1.0,1.0,0.0,1.0,1.6373,1.59
2024-05-22 00:00:00+00:00,0.04286163522012576,1.0,1.0,0.0,1.0,1.6573,1.59
2024-05-23 00:00:00+00:00,0.03471698113207544,1.0,1.0,0.2916666666666667,1.0,1.6293,1.59
2024-05-24 00:00:00+00:00,0.011918238993710584,1.0,1.0,0.9166666666666666,1.0,1.613,1.59
2024-05-25 00:00:00+00:00,0.012830188679245236,1.0,1.0,1.0,1.0,1.6131,1.59
2024-05-26 00:00:00+00:00,0.0033962264150941834,1.0,1.0,1.0,1.0,1.5848,1.59
2024-05-27 00:00:00+00:00,0.01025157232704399,1.0,1.0,0.875,1.0,1.6023,1.59
2024-05-28 00:00:00+00:00,0.002987421383647715,1.0,1.0,1.0,1.0,1.6119,1.59
2024-05-29 00:00:00+00:00,0.005440251572326971,1.0,1.0,1.0,1.0,1.586,1.59
2024-05-30 00:00:00+00:00,-0.00500000000000006,1.0,1.0,0.4166666666666667,1.0,1.6349,1.59
2024-05-31 00:00:00+00:00,0.004999999999999893,1.0,1.0,0.8333333333333334,1.0,1.5986,1.59
2024-06-01 00:00:00+00:00,0.011540880503144613,1.0,1.0,1.0,1.0,1.6066,1.59
2024-06-02 00:00:00+00:00,-0.003050314465408932,1.0,1.0,0.875,1.0,1.5569,1.59
2024-06-03 00:00:00+00:00,-0.009811320754717023,1.0,1.0,0.9166666666666666,1.0,1.558,1.59
2024-06-04 00:00:00+00:00,-0.01676100628930821,1.0,1.0,0.5,1.0,1.62,1.59
2024-06-05 00:00:00+00:00,0.013773584905660385,1.0,1.0,0.9166666666666666,1.0,1.6185,1.59
2024-06-06 00:00:00+00:00,0.004748427672955913,1.0,1.0,1.0,1.0,1.5931,1.59
2024-06-07 00:00:00+00:00,0.001289308176100623,1.0,1.0,0.7083333333333334,1.0,1.4815,1.59
2024-06-08 00:00:00+00:00,-0.06481132075471707,1.0,1.0,0.0,1.0,1.486,1.59
2024-06-09 00:00:00+00:00,-0.04172955974842768,1.0,1.0,0.041666666666666664,1.0,1.5345,1.59
2024-06-10 00:00:00+00:00,-0.061635220125786205,1.0,1.0,0.0,1.0,1.4761,1.59
2024-06-11 00:00:00+00:00,-0.11566037735849066,1.0,1.0,0.0,1.0,1.4029,1.59
2024-06-12 00:00:00+00:00,-0.0995911949685534,1.0,1.0,0.0,1.0,1.4422,1.59
2024-06-13 00:00:00+00:00,-0.14069182389937107,1.0,1.0,0.0,1.0,1.3553,1.59
2024-06-14 00:00:00+00:00,-0.14921383647798747,1.0,1.0,0.0,1.0,1.3245,1.59
2024-06-15 00:00:00+00:00,-0.1523270440251573,1.0,1.0,0.0,1.0,1.3846,1.59
2024-06-16 00:00:00+00:00,-0.01119496855345914,1.0,1.0,0.4166666666666667,1.0,1.684,1.59
2024-06-17 00:00:00+00:00,0.00028301886792436726,1.0,1.0,0.08333333333333333,1.0,1.466,1.59
2024-06-18 00:00:00+00:00,-0.08069182389937113,1.0,1.0,0.25,1.0,1.5698,1.59
2024-06-19 00:00:00+00:00,0.0006918238993709469,1.0,1.0,0.7916666666666666,1.0,1.5752,1.59
2024-06-20 00:00:00+00:00,0.0038679245283017583,1.0,1.0,0.625,1.0,1.5437,1.59
2024-06-21 00:00:00+00:00,-0.05974842767295596,1.0,1.0,0.0,1.0,1.4771,1.59
2024-06-22 00:00:00+00:00,-0.08040880503144665,1.0,1.0,0.0,1.0,1.4579,1.59
2024-06-23 00:00:00+00:00,-0.08849056603773586,1.0,1.0,0.0,1.0,1.3963,1.59
2024-06-24 00:00:00+00:00,-0.11405660377358495,1.0,1.0,0.0,1.0,1.4231,1.59
2024-06-25 00:00:00+00:00,-0.10245283018867923,1.0,1.0,0.0,1.0,1.424,1.59
2024-06-26 00:00:00+00:00,-0.11908805031446545,1.0,1.0,0.0,1.0,1.3996,1.59
2024-06-27 00:00:00+00:00,-0.11345911949685539,1.0,1.0,0.0,1.0,1.4327,1.59
2024-06-28 00:00:00+00:00,-0.10327044025157234,1.0,1.0,0.0,1.0,1.417,1.59
2024-06-29 00:00:00+00:00,-0.1207232704402516,1.0,1.0,0.0,1.0,1.3807,1.59
2024-06-30 00:00:00+00:00,-0.1157232704402516,1.0,1.0,0.0,1.0,1.4253,1.59
2024-07-01 00:00:00+00:00,-0.11462264150943402,1.0,1.0,0.0,1.0,1.3979,1.59
2024-07-02 00:00:00+00:00,-0.11301886792452837,1.0,1.0,0.0,1.0,1.4096,1.59
2024-07-03 00:00:00+00:00,-0.12893081761006298,1.0,1.0,0.0,1.0,1.3589,1.59
2024-07-04 00:00:00+00:00,-0.1783962264150944,1.0,1.0,0.0,1.0,1.2466,1.59
2024-07-05 00:00:00+00:00,-0.2847169811320755,1.0,1.0,0.0,1.0,1.1449,1.59
2024-07-06 00:00:00+00:00,-0.26201257861635224,1.0,1.0,0.0,1.0,1.2131,1.59
2024-07-07 00:00:00+00:00,-0.24216981132075477,1.0,1.0,0.0,1.0,1.152,1.59
2024-07-08 00:00:00+00:00,-0.25248427672955975,1.0,1.0,0.0,1.0,1.1897,1.59
2024-07-09 00:00:00+00:00,-0.24773584905660379,1.0,1.0,0.0,1.0,1.1983,1.59
2024-07-10 00:00:00+00:00,-0.2475471698113208,1.0,1.0,0.0,1.0,1.196,1.59
2024-07-11 00:00:00+00:00,-0.24701257861635223,1.0,1.0,0.0,1.0,1.1854,1.59
2024-07-12 00:00:00+00:00,-0.18701257861635223,1.0,1.0,0.0,1.0,1.3217,1.59
2024-07-13 00:00:00+00:00,-0.14506289308176112,1.0,1.0,0.0,1.0,1.3615,1.59
2024-07-14 00:00:00+00:00,-0.1555345911949686,1.0,1.0,0.0,1.0,1.3514,1.59
2024-07-15 00:00:00+00:00,-0.1433962264150943,1.0,1.0,0.0,1.0,1.3893,1.59
2024-07-16 00:00:00+00:00,-0.13600628930817615,1.0,1.0,0.125,1.0,1.613,1.59
2024-07-17 00:00:00+00:00,-0.04603773584905663,1.0,1.0,0.25,1.0,1.4937,1.59
2024-07-18 00:00:00+00:00,-0.0997798742138365,1.0,1.0,0.0,1.0,1.4034,1.59
2024-07-19 00:00:00+00:00,-0.11468553459119502,1.0,1.0,0.0,1.0,1.4443,1.59
2024-07-20 00:00:00+00:00,-0.10314465408805035,1.0,1.0,0.0,1.0,1.4167,1.59
2024-07-21 00:00:00+00:00,-0.10990566037735855,1.0,1.0,0.0,1.0,1.4311,1.59
2024-07-22 00:00:00+00:00,-0.10509433962264153,1.0,1.0,0.0,1.0,1.4096,1.59
2024-07-23 00:00:00+00:00,-0.13720125786163528,1.0,1.0,0.0,1.0,1.3608,1.59
2024-07-24 00:00:00+00:00,-0.12594339622641515,1.0,1.0,0.0,1.0,1.3814,1.59
2024-07-25 00:00:00+00:00,-0.15754716981132078,1.0,1.0,0.0,1.0,1.3497,1.59
2024-07-26 00:00:00+00:00,-0.13103773584905665,1.0,1.0,0.0,1.0,1.3736,1.59
2024-07-27 00:00:00+00:00,-0.1256918238993711,1.0,1.0,0.0,1.0,1.4326,1.59
2024-07-28 00:00:00+00:00,-0.09918238993710693,1.0,1.0,0.0,1.0,1.4671,1.59
2024-07-29 00:00:00+00:00,-0.08644654088050319,1.0,1.0,0.0,1.0,1.4284,1.59
2024-07-30 00:00:00+00:00,-0.12622641509433968,1.0,1.0,0.0,1.0,1.389,1.59
2024-07-31 00:00:00+00:00,-0.13273584905660385,1.0,1.0,0.0,1.0,1.3617,1.59
2024-08-01 00:00:00+00:00,-0.14984276729559753,1.0,1.0,0.0,1.0,1.3734,1.59
2024-08-02 00:00:00+00:00,-0.11864779874213838,1.0,1.0,0.0,1.0,1.3375,1.59
2024-08-03 00:00:00+00:00,-0.15500000000000014,1.0,1.0,0.0,1.0,1.2807,1.59
2024-08-04 00:00:00+00:00,-0.1807232704402516,1.0,1.0,0.0,1.0,1.2245,1.59
2024-08-05 00:00:00+00:00,-0.2148427672955976,1.0,1.0,0.0,1.0,1.2572,1.59
2024-08-06 00:00:00+00:00,-0.17974842767295596,1.0,1.0,0.0,1.0,1.3116,1.59
2024-08-07 00:00:00+00:00,-0.19232704402515727,1.0,1.0,0.0,1.0,1.2211,1.59
2024-08-08 00:00:00+00:00,-0.19000000000000006,1.0,1.0,0.0,1.0,1.3299,1.59
2024-08-09 00:00:00+00:00,-0.17974842767295607,1.0,1.0,0.0,1.0,1.3059,1.59
2024-08-10 00:00:00+00:00,-0.1783333333333334,1.0,1.0,0.0,1.0,1.3282,1.59
2024-08-11 00:00:00+00:00,-0.1765094339622642,1.0,1.0,0.0,1.0,1.2567,1.59
2024-08-12 00:00:00+00:00,-0.2026729559748428,1.0,1.0,0.0,1.0,1.2924,1.59
2024-08-13 00:00:00+00:00,-0.18977987421383652,1.0,1.0,0.0,1.0,1.3026,1.59
2024-08-14 00:00:00+00:00,-0.18783018867924534,1.0,1.0,0.0,1.0,1.2902,1.59
2024-08-15 00:00:00+00:00,-0.19663522012578621,1.0,1.0,0.0,1.0,1.2781,1.59
2024-08-16 00:00:00+00:00,-0.17679245283018874,1.0,1.0,0.0,1.0,1.319,1.59
2024-08-17 00:00:00+00:00,-0.1835534591194969,1.0,1.0,0.0,1.0,1.3037,1.59
2024-08-18 00:00:00+00:00,-0.18402515723270446,1.0,1.0,0.0,1.0,1.2854,1.59
2024-08-19 00:00:00+00:00,-0.19440251572327044,1.0,1.0,0.0,1.0,1.2822,1.59
2024-08-20 00:00:00+00:00,-0.1815723270440252,1.0,1.0,0.0,1.0,1.286,1.59
2024-08-21 00:00:00+00:00,-0.18028301886792453,1.0,1.0,0.0,1.0,1.3828,1.59
2024-08-22 00:00:00+00:00,-0.1081446540880503,1.0,1.0,0.041666666666666664,1.0,1.5126,1.59
2024-08-23 00:00:00+00:00,-0.045408805031446564,1.0,1.0,0.25,1.0,1.5416,1.59
2024-08-24 00:00:00+00:00,-0.04748427672955979,1.0,1.0,0.0,1.0,1.5037,1.59
2024-08-25 00:00:00+00:00,-0.06455974842767298,1.0,1.0,0.0,1.0,1.4954,1.59
2024-08-26 00:00:00+00:00,-0.0609748427672957,1.0,1.0,0.0,1.0,1.4021,1.59
2024-08-27 00:00:00+00:00,-0.12358490566037739,1.0,1.0,0.0,1.0,1.3282,1.59
2024-08-28 00:00:00+00:00,-0.15852201257861642,1.0,1.0,0.0,1.0,1.3313,1.59
2024-08-29 00:00:00+00:00,-0.16106918238993706,1.0,1.0,0.0,1.0,1.3113,1.59
2024-08-30 00:00:00+00:00,-0.18358490566037733,1.0,1.0,0.0,1.0,1.3034,1.59
2024-08-31 00:00:00+00:00,-0.19103773584905664,1.0,1.0,0.0,1.0,1.2834,1.59
2024-09-01 00:00:00+00:00,-0.20836477987421387,1.0,1.0,0.0,1.0,1.2217,1.59
2024-09-02 00:00:00+00:00,-0.21213836477987424,1.0,1.0,0.0,1.0,1.3103,1.59
2024-09-03 00:00:00+00:00,-0.18166666666666675,1.0,1.0,0.0,1.0,1.3132,1.59
2024-09-04 00:00:00+00:00,-0.15311320754716984,1.0,1.0,0.0,1.0,1.3505,1.59
2024-09-05 00:00:00+00:00,-0.1587735849056604,1.0,1.0,0.0,1.0,1.3208,1.59
2024-09-06 00:00:00+00:00,-0.19512578616352205,1.0,1.0,0.0,1.0,1.2592,1.59
2024-09-07 00:00:00+00:00,-0.20666666666666667,1.0,1.0,0.0,1.0,1.246,1.59
2024-09-08 00:00:00+00:00,-0.2063207547169812,1.0,1.0,0.0,1.0,1.269,1.59
2024-09-09 00:00:00+00:00,-0.18040880503144652,1.0,1.0,0.0,1.0,1.3149,1.59
2024-09-10 00:00:00+00:00,-0.17694968553459123,1.0,1.0,0.0,1.0,1.3167,1.59
2024-09-11 00:00:00+00:00,-0.18358490566037738,1.0,1.0,0.0,1.0,1.2969,1.59
2024-09-12 00:00:00+00:00,-0.18009433962264154,1.0,1.0,0.0,1.0,1.3116,1.59
2024-09-13 00:00:00+00:00,-0.17789308176100627,1.0,1.0,0.0,1.0,1.3294,1.59
2024-09-14 00:00:00+00:00,-0.16808176100628935,1.0,1.0,0.0,1.0,1.3133,1.59
2024-09-15 00:00:00+00:00,-0.17418238993710694,1.0,1.0,0.0,1.0,1.292,1.59
2024-09-16 00:00:00+00:00,-0.19817610062893087,1.0,1.0,0.0,1.0,1.2687,1.59
2024-09-17 00:00:00+00:00,-0.1908490566037736,1.0,1.0,0.0,1.0,1.2931,1.59
2024-09-18 00:00:00+00:00,-0.1916352201257862,1.0,1.0,0.0,1.0,1.3008,1.59
2024-09-19 00:00:00+00:00,-0.1672327044025158,1.0,1.0,0.0,1.0,1.3324,1.59
2024-09-20 00:00:00+00:00,-0.16672955974842774,1.0,1.0,0.0,1.0,1.3312,1.59
2024-09-21 00:00:00+00:00,-0.15471698113207555,1.0,1.0,0.0,1.0,1.3503,1.59
2024-09-22 00:00:00+00:00,-0.15773584905660376,1.0,1.0,0.0,1.0,1.3535,1.59
2024-09-23 00:00:00+00:00,-0.1469811320754717,1.0,1.0,0.0,1.0,1.357,1.59
2024-09-24 00:00:00+00:00,-0.14676100628930833,1.0,1.0,0.0,1.0,1.3913,1.59
2024-09-25 00:00:00+00:00,-0.11503144654088049,1.0,1.0,0.0,1.0,1.4021,1.59
2024-09-26 00:00:00+00:00,-0.1014779874213837,1.0,1.0,0.0,1.0,1.4385,1.59
2024-09-27 00:00:00+00:00,-0.08685534591194977,1.0,1.0,0.0,1.0,1.4641,1.59
2024-09-28 00:00:00+00:00,-0.11716981132075477,1.0,1.0,0.0,1.0,1.4032,1.59
2024-09-29 00:00:00+00:00,0.20490566037735847,1.0,1.0,0.125,1.0,2.2038,1.59
2024-09-30 00:00:00+00:00,0.3160377358490566,1.0,1.0,0.0,1.0,1.8369,1.59
2024-10-01 00:00:00+00:00,0.30512578616352193,1.0,1.0,0.0,1.0,2.0921,1.59
2024-10-02 00:00:00+00:00,0.33893081761006283,1.0,1.0,0.0,1.0,2.1253,1.59
2024-10-03 00:00:00+00:00,0.2621069182389937,1.0,1.0,0.0,1.0,2.0164,1.59
2024-10-04 00:00:00+00:00,0.48528301886792446,1.0,1.0,0.0,1.0,2.4505,1.59
2024-10-05 00:00:00+00:00,0.6119811320754717,1.0,1.0,0.0,1.0,2.6921,1.59
2024-10-06 00:00:00+00:00,0.5662264150943396,1.0,1.0,0.0,1.0,2.4477,1.59
2024-10-07 00:00:00+00:00,0.6313522012578615,1.0,1.0,0.0,1.0,2.7101,1.59
2024-10-08 00:00:00+00:00,0.5177044025157231,1.0,1.0,0.0,1.0,2.3912,1.59
2024-10-09 00:00:00+00:00,0.41937106918238976,1.0,1.0,0.0,1.0,2.1746,1.59
2024-10-10 00:00:00+00:00,0.3464465408805031,1.0,1.0,0.0,1.0,2.0372,1.59
2024-10-11 00:00:00+00:00,0.3329874213836477,1.0,1.0,0.0,1.0,2.1405,1.59
2024-10-12 00:00:00+00:00,0.32522012578616344,1.0,1.0,0.0,1.0,2.0591,1.59
2024-10-13 00:00:00+00:00,0.28597484276729546,1.0,1.0,0.0,1.0,1.9399,1.59
2024-10-14 00:00:00+00:00,0.2535534591194968,1.0,1.0,0.0,1.0,1.9845,1.59
2024-10-15 00:00:00+00:00,0.17987421383647784,1.0,1.0,0.0,1.0,1.8329,1.59
2024-10-16 00:00:00+00:00,0.16792452830188664,1.0,1.0,0.0,1.0,2.1287,1.59
2024-10-17 00:00:00+00:00,0.2992767295597484,1.0,1.0,0.0,1.0,1.9329,1.59
2024-10-18 00:00:00+00:00,0.24,1.0,1.0,0.0,1.0,2.0234,1.59
2024-10-19 00:00:00+00:00,0.2975786163522012,1.0,1.0,0.0,1.0,2.0854,1.59
2024-10-20 00:00:00+00:00,0.29311320754716974,1.0,1.0,0.0,1.0,2.0561,1.59
2024-10-21 00:00:00+00:00,0.2734905660377358,1.0,1.0,0.0,1.0,2.0009,1.59
2024-10-22 00:00:00+00:00,0.2733333333333332,1.0,1.0,0.0,1.0,2.0282,1.59
2024-10-23 00:00:00+00:00,0.24751572327044025,1.0,1.0,0.0,1.0,1.9353,1.59
2024-10-24 00:00:00+00:00,0.21066037735849064,1.0,1.0,0.0,1.0,1.9098,1.59
2024-10-25 00:00:00+00:00,0.1521383647798742,1.0,1.0,0.0,1.0,1.6893,1.59
2024-10-26 00:00:00+00:00,0.0895283018867924,1.0,1.0,0.0,1.0,1.8949,1.59
2024-10-27 00:00:00+00:00,0.18349056603773584,1.0,1.0,0.0,1.0,1.8632,1.59
2024-10-28 00:00:00+00:00,0.14783018867924513,1.0,1.0,0.0,1.0,1.8164,1.59
2024-10-29 00:00:00+00:00,0.1669811320754716,1.0,1.0,0.0,1.0,1.847,1.59
2024-10-30 00:00:00+00:00,0.1585849056603773,1.0,1.0,0.0,1.0,1.8018,1.59
2024-10-31 00:00:00+00:00,0.12402515723270435,1.0,1.0,0.0,1.0,1.7448,1.59
2024-11-01 00:00:00+00:00,0.08858490566037736,1.0,1.0,0.0,1.0,1.7781,1.59
2024-11-02 00:00:00+00:00,0.1097169811320754,1.0,1.0,0.0,1.0,1.7126,1.59
2024-11-03 00:00:00+00:00,0.054905660377358445,1.0,1.0,0.4166666666666667,1.0,1.5951,1.59
2024-11-04 00:00:00+00:00,-0.0017295597484277558,1.0,1.0,0.875,1.0,1.563,1.59
2024-11-05 00:00:00+00:00,0.021320754716981027,1.0,1.0,0.4583333333333333,1.0,1.6566,1.59
2024-11-06 00:00:00+00:00,0.059559748427672865,1.0,1.0,0.0,1.0,1.746,1.59
2024-11-07 00:00:00+00:00,0.07613207547169809,1.0,1.0,0.0,1.0,1.7052,1.59
2024-11-08 00:00:00+00:00,0.06352201257861634,1.0,1.0,0.0,1.0,1.6693,1.59
2024-11-09 00:00:00+00:00,0.09845911949685526,1.0,1.0,0.0,1.0,1.8374,1.59
2024-11-10 00:00:00+00:00,0.1924528301886792,1.0,1.0,0.0,1.0,1.916,1.59
2024-11-11 00:00:00+00:00,0.2991823899371069,1.0,1.0,0.0,1.0,2.0897,1.59
2024-11-12 00:00:00+00:00,0.21034591194968555,1.0,1.0,0.0,1.0,1.9176,1.59
2024-11-13 00:00:00+00:00,0.15097484276729545,1.0,1.0,0.0,1.0,1.8367,1.59
2024-11-14 00:00:00+00:00,0.13377358490566027,1.0,1.0,0.0,1.0,1.7622,1.59
2024-11-15 00:00:00+00:00,0.1352201257861635,1.0,1.0,0.0,1.0,1.8544,1.59
2024-11-16 00:00:00+00:00,0.21556603773584904,1.0,1.0,0.0,1.0,1.9856,1.59
2024-11-17 00:00:00+00:00,0.2177672955974843,1.0,1.0,0.0,1.0,1.915,1.59
2024-11-18 00:00:00+00:00,0.24471698113207552,1.0,1.0,0.0,1.0,1.9967,1.59
2024-11-19 00:00:00+00:00,0.3003459119496854,1.0,1.0,0.0,1.0,2.0529,1.59
2024-11-20 00:00:00+00:00,0.38091194968553443,1.0,1.0,0.0,1.0,2.0869,1.59
2024-11-21 00:00:00+00:00,0.29666666666666663,1.0,1.0,0.0,1.0,2.4862,1.59
2024-11-22 00:00:00+00:00,0.6188679245283019,1.0,1.0,0.0,1.0,2.4764,1.59
2024-11-23 00:00:00+00:00,0.5898427672955974,1.0,1.0,0.0,1.0,2.5568,1.59
2024-11-24 00:00:00+00:00,0.5587735849056603,1.0,1.0,0.0,1.0,2.4534,1.59
2024-11-25 00:00:00+00:00,0.5574528301886792,1.0,1.0,0.0,1.0,2.274,1.59
2024-11-26 00:00:00+00:00,0.43801886792452804,1.0,1.0,0.0,1.0,2.2303,1.59
2024-11-27 00:00:00+00:00,0.4461320754716981,1.0,1.0,0.0,1.0,2.3261,1.59
2024-11-28 00:00:00+00:00,0.4243081761006289,1.0,1.0,0.0,1.0,2.2647,1.59
2024-11-29 00:00:00+00:00,0.4542452830188678,1.0,1.0,0.0,1.0,2.3325,1.59
2024-11-30 00:00:00+00:00,0.4830503144654087,1.0,1.0,0.0,1.0,2.3877,1.59
2024-12-01 00:00:00+00:00,0.5918553459119495,1.0,1.0,0.0,1.0,2.5326,1.59
2024-12-02 00:00:00+00:00,0.5811949685534591,1.0,1.0,0.0,1.0,2.5266,1.59
2024-12-03 00:00:00+00:00,0.6146540880503144,1.0,1.0,0.0,1.0,2.632,1.59
2024-12-04 00:00:00+00:00,0.7094654088050312,1.0,1.0,0.0,1.0,2.6909,1.59
2024-12-05 00:00:00+00:00,0.8929874213836476,1.0,1.0,0.0,1.0,3.4615,1.59
2024-12-06 00:00:00+00:00,1.1656289308176102,1.0,1.0,0.0,1.0,3.3369,1.59
2024-12-07 00:00:00+00:00,1.0439937106918238,1.0,1.0,0.0,1.0,3.2536,1.59
2024-12-08 00:00:00+00:00,1.1427672955974841,1.0,1.0,0.0,1.0,3.4536,1.59
2024-12-09 00:00:00+00:00,1.0499999999999998,1.0,1.0,0.0,1.0,2.9965,1.59
2024-12-10 00:00:00+00:00,0.8438050314465408,1.0,1.0,0.0,1.0,2.9559,1.59
2024-12-11 00:00:00+00:00,1.0297169811320752,1.0,1.0,0.0,1.0,3.2226,1.59
2024-12-12 00:00:00+00:00,1.025251572327044,1.0,1.0,0.0,1.0,2.9824,1.59
2024-12-13 00:00:00+00:00,0.8396226415094339,1.0,1.0,0.0,1.0,2.9335,1.59
2024-12-14 00:00:00+00:00,0.76625786163522,1.0,1.0,0.0,1.0,2.762,1.59
2024-12-15 00:00:00+00:00,0.7211006289308175,1.0,1.0,0.0,1.0,2.8079,1.59
2024-12-16 00:00:00+00:00,0.7146226415094339,1.0,1.0,0.0,1.0,2.9121,1.59
2024-12-17 00:00:00+00:00,0.8465408805031445,1.0,1.0,0.0,1.0,2.8945,1.59
2024-12-18 00:00:00+00:00,0.7486163522012577,1.0,1.0,0.0,1.0,2.6727,1.59
2024-12-19 00:00:00+00:00,0.6833647798742137,1.0,1.0,0.0,1.0,2.6032,1.59
2024-12-20 00:00:00+00:00,0.6921698113207546,1.0,1.0,0.0,1.0,2.8294,1.59
2024-12-21 00:00:00+00:00,0.7418553459119496,1.0,1.0,0.0,1.0,2.7104,1.59
2024-12-22 00:00:00+00:00,0.8147169811320754,1.0,1.0,0.0,1.0,2.97,1.59
2024-12-23 00:00:00+00:00,1.0116666666666665,1.0,1.0,0.0,1.0,3.3563,1.59
2024-12-24 00:00:00+00:00,1.042138364779874,1.0,1.0,0.0,1.0,3.2104,1.59
2024-12-25 00:00:00+00:00,0.9949685534591193,1.0,1.0,0.0,1.0,3.2218,1.59
2024-12-26 00:00:00+00:00,1.2266037735849056,1.0,1.0,0.0,1.0,3.8002,1.59
2024-12-27 00:00:00+00:00,1.297767295597484,1.0,1.0,0.0,1.0,3.4893,1.59
2024-12-28 00:00:00+00:00,1.0902830188679244,1.0,1.0,0.0,1.0,3.2962,1.59
2024-12-29 00:00:00+00:00,1.278710691823899,1.0,1.0,0.0,1.0,3.6562,1.59
2024-12-30 00:00:00+00:00,1.2312264150943395,1.0,1.0,0.0,1.0,3.5678,1.59
2024-12-31 00:00:00+00:00,1.331572327044025,1.0,1.0,0.0,1.0,3.711,1.59
2025-01-01 00:00:00+00:00,1.377327044025157,1.0,1.0,0.0,1.0,3.8611,1.59
2025-01-02 00:00:00+00:00,1.4481132075471699,1.0,1.0,0.0,1.0,3.8684,1.59
2025-01-03 00:00:00+00:00,1.2567295597484276,1.0,1.0,0.0,1.0,3.569,1.59
2025-01-04 00:00:00+00:00,1.135251572327044,1.0,1.0,0.0,1.0,3.3728,1.59
2025-01-05 00:00:00+00:00,1.057138364779874,1.0,1.0,0.0,1.0,3.2347,1.59
2025-01-06 00:00:00+00:00,1.0418867924528301,1.0,1.0,0.0,1.0,3.3873,1.59
2025-01-07 00:00:00+00:00,1.1048742138364778,1.0,1.0,0.0,1.0,2.957,1.59
2025-01-08 00:00:00+00:00,0.7894025157232702,1.0,1.0,0.0,1.0,2.8478,1.59
2025-01-09 00:00:00+00:00,0.709433962264151,1.0,1.0,0.0,1.0,2.6388,1.59
2025-01-10 00:00:00+00:00,0.7104716981132075,1.0,1.0,0.0,1.0,2.708,1.59
2025-01-11 00:00:00+00:00,0.661194968553459,1.0,1.0,0.0,1.0,2.5769,1.59
2025-01-12 00:00:00+00:00,0.6881761006289306,1.0,1.0,0.0,1.0,2.6767,1.59
2025-01-13 00:00:00+00:00,0.4917295597484276,1.0,1.0,0.0,1.0,2.3814,1.59
2025-01-14 00:00:00+00:00,0.5094025157232702,1.0,1.0,0.0,1.0,2.3661,1.59
2025-01-15 00:00:00+00:00,0.5154402515723269,1.0,1.0,0.0,1.0,2.4923,1.59
2025-01-16 00:00:00+00:00,0.5133018867924528,1.0,1.0,0.0,1.0,2.3853,1.59
2025-01-17 00:00:00+00:00,0.6288993710691824,1.0,1.0,0.0,1.0,2.6335,1.59
2025-01-18 00:00:00+00:00,0.5488993710691823,1.0,1.0,0.0,1.0,2.4368,1.59
2025-01-19 00:00:00+00:00,0.4300628930817608,1.0,1.0,0.0,1.0,1.9487,1.59
2025-01-20 00:00:00+00:00,0.2784905660377357,1.0,1.0,0.0,1.0,1.8581,1.59
2025-01-21 00:00:00+00:00,0.20839622641509437,1.0,1.0,0.0,1.0,2.0475,1.59
2025-01-22 00:00:00+00:00,0.325817610062893,1.0,1.0,0.0,1.0,2.1185,1.59
2025-01-23 00:00:00+00:00,0.2764150943396224,1.0,1.0,0.0,1.0,2.0232,1.59
2025-01-24 00:00:00+00:00,0.28933962264150925,1.0,1.0,0.0,1.0,1.9829,1.59
2025-01-25 00:00:00+00:00,0.3245597484276729,1.0,1.0,0.0,1.0,2.2157,1.59
2025-01-26 00:00:00+00:00,0.3679874213836478,1.0,1.0,0.0,1.0,2.1114,1.59
2025-01-27 00:00:00+00:00,0.2785849056603773,1.0,1.0,0.0,1.0,2.0485,1.59
2025-01-28 00:00:00+00:00,0.26732704402515717,1.0,1.0,0.0,1.0,1.9326,1.59
2025-01-29 00:00:00+00:00,0.25229559748427666,1.0,1.0,0.0,1.0,2.0463,1.59
2025-01-30 00:00:00+00:00,0.3094654088050314,1.0,1.0,0.0,1.0,2.1998,1.59
2025-01-31 00:00:00+00:00,0.3903459119496855,1.0,1.0,0.0,1.0,2.2559,1.59
2025-02-01 00:00:00+00:00,0.3328301886792452,1.0,1.0,0.0,1.0,2.0014,1.59
2025-02-02 00:00:00+00:00,0.23018867924528297,1.0,1.0,0.0,1.0,1.8523,1.59
2025-02-03 00:00:00+00:00,0.1838993710691823,1.0,1.0,0.041666666666666664,1.0,1.9175,1.59
2025-02-04 00:00:00+00:00,0.17971698113207535,1.0,1.0,0.0,1.0,1.8985,1.59
2025-02-05 00:00:00+00:00,0.2850628930817609,1.0,1.0,0.0,1.0,2.0652,1.59
2025-02-06 00:00:00+00:00,0.2952830188679245,1.0,1.0,0.0,1.0,1.9928,1.59
2025-02-07 00:00:00+00:00,0.22889937106918234,1.0,1.0,0.0,1.0,1.9057,1.59
2025-02-08 00:00:00+00:00,0.21238993710691823,1.0,1.0,0.0,1.0,1.932,1.59
2025-02-09 00:00:00+00:00,0.21874213836477985,1.0,1.0,0.0,1.0,1.9584,1.59
2025-02-10 00:00:00+00:00,0.21474842767295588,1.0,1.0,0.0,1.0,1.9517,1.59
2025-02-11 00:00:00+00:00,0.24871069182389927,1.0,1.0,0.0,1.0,1.982,1.59
2025-02-12 00:00:00+00:00,0.27393081761006277,1.0,1.0,0.0,1.0,2.063,1.59
2025-02-13 00:00:00+00:00,0.25443396226415094,1.0,1.0,0.0,1.0,1.9973,1.59
2025-02-14 00:00:00+00:00,0.2670440251572326,1.0,1.0,0.0,1.0,2.03,1.59
2025-02-15 00:00:00+00:00,0.40062893081760986,1.0,1.0,0.0,1.0,2.3165,1.59
2025-02-16 00:00:00+00:00,0.38405660377358486,1.0,1.0,0.0,1.0,2.243,1.59
2025-02-17 00:00:00+00:00,0.38078616352201256,1.0,1.0,0.0,1.0,2.2417,1.59
2025-02-18 00:00:00+00:00,0.3391194968553458,1.0,1.0,0.0,1.0,2.0916,1.59
2025-02-19 00:00:00+00:00,0.24792452830188683,1.0,1.0,0.0,1.0,1.9892,1.59
2025-02-20 00:00:00+00:00,0.23918238993710683,1.0,1.0,0.0,1.0,1.9216,1.59
2025-02-21 00:00:00+00:00,0.2180188679245283,1.0,1.0,0.0,1.0,1.8609,1.59
2025-02-22 00:00:00+00:00,0.18474842767295585,1.0,1.0,0.0,1.0,1.9021,1.59
2025-02-23 00:00:00+00:00,0.1704716981132074,1.0,1.0,0.0,1.0,1.8339,1.59
2025-02-24 00:00:00+00:00,0.08823899371069177,1.0,1.0,0.08333333333333333,1.0,1.5592,1.59
2025-02-25 00:00:00+00:00,0.06713836477987423,1.0,1.0,0.041666666666666664,1.0,1.6851,1.59
2025-02-26 00:00:00+00:00,0.07119496855345908,1.0,1.0,0.0,1.0,1.6796,1.59
2025-02-27 00:00:00+00:00,0.05921383647798739,1.0,1.0,0.0,1.0,1.6751,1.59
2025-02-28 00:00:00+00:00,0.020503144654087868,1.0,1.0,0.4583333333333333,1.0,1.6698,1.59
2025-03-01 00:00:00+00:00,0.03845911949685521,1.0,1.0,0.0,1.0,1.6463,1.59
2025-03-02 00:00:00+00:00,0.050754716981131986,1.0,1.0,0.0,1.0,1.7434,1.59
2025-03-03 00:00:00+00:00,0.04820754716981124,1.0,1.0,0.25,1.0,1.5712,1.59
2025-03-04 00:00:00+00:00,-0.08320754716981138,1.0,1.0,0.0,1.0,1.4715,1.59
2025-03-05 00:00:00+00:00,-0.05707547169811322,1.0,1.0,0.0,1.0,1.5251,1.59
2025-03-06 00:00:00+00:00,-0.05534591194968558,1.0,1.0,0.0,1.0,1.4902,1.59
2025-03-07 00:00:00+00:00,-0.08216981132075474,1.0,1.0,0.0,1.0,1.418,1.59
2025-03-08 00:00:00+00:00,-0.12735849056603776,1.0,1.0,0.0,1.0,1.3684,1.59
2025-03-09 00:00:00+00:00,-0.16849056603773593,1.0,1.0,0.0,1.0,1.1819,1.59
2025-03-10 00:00:00+00:00,-0.24628930817610067,1.0,1.0,0.0,1.0,1.134,1.59
2025-03-11 00:00:00+00:00,-0.25235849056603776,1.0,1.0,0.0,1.0,1.1765,1.59
2025-03-12 00:00:00+00:00,-0.23962264150943402,1.0,1.0,0.0,1.0,1.2316,1.59
2025-03-13 00:00:00+00:00,-0.23103773584905662,1.0,1.0,0.0,1.0,1.3315,1.59
2025-03-14 00:00:00+00:00,-0.1784905660377359,1.0,1.0,0.0,1.0,1.3574,1.59
2025-03-15 00:00:00+00:00,-0.17374213836477992,1.0,1.0,0.0,1.0,1.3141,1.59
2025-03-16 00:00:00+00:00,-0.19660377358490566,1.0,1.0,0.0,1.0,1.2497,1.59
2025-03-17 00:00:00+00:00,-0.19374213836477994,1.0,1.0,0.0,1.0,1.3129,1.59
2025-03-18 00:00:00+00:00,-0.18518867924528304,1.0,1.0,0.0,1.0,1.2804,1.59
2025-03-19 00:00:00+00:00,-0.18408805031446546,1.0,1.0,0.0,1.0,1.3174,1.59
2025-03-20 00:00:00+00:00,-0.1834276729559749,1.0,1.0,0.0,1.0,1.299,1.59
2025-03-21 00:00:00+00:00,-0.2639937106918239,1.0,1.0,0.0,1.0,1.1797,1.59
2025-03-22 00:00:00+00:00,-0.2367295597484278,1.0,1.0,0.0,1.0,1.1928,1.59
2025-03-23 00:00:00+00:00,-0.25349056603773584,1.0,1.0,0.0,1.0,1.156,1.59
2025-03-24 00:00:00+00:00,-0.25968553459119503,1.0,1.0,0.0,1.0,1.1771,1.59
2025-03-25 00:00:00+00:00,-0.2565723270440252,1.0,1.0,0.0,1.0,1.1996,1.59
2025-03-26 00:00:00+00:00,-0.26125786163522013,1.0,1.0,0.0,1.0,1.171,1.59
2025-03-27 00:00:00+00:00,-0.27965408805031444,1.0,1.0,0.0,1.0,1.1433,1.59
2025-03-28 00:00:00+00:00,-0.28591194968553457,1.0,1.0,0.0,1.0,1.1684,1.59
2025-03-29 00:00:00+00:00,-0.2873899371069183,1.0,1.0,0.0,1.0,1.1315,1.59
2025-03-30 00:00:00+00:00,-0.27534591194968555,1.0,1.0,0.0,1.0,1.152,1.59
2025-03-31 00:00:00+00:00,-0.2919182389937107,1.0,1.0,0.0,1.0,1.1164,1.59
2025-04-01 00:00:00+00:00,-0.2937106918238994,1.0,1.0,0.0,1.0,1.1115,1.59
2025-04-02 00:00:00+00:00,-0.32116352201257864,1.0,1.0,0.0,1.0,1.0388,1.59
2025-04-03 00:00:00+00:00,-0.35915094339622644,1.0,1.0,0.0,1.0,1.018,1.59
2025-04-04 00:00:00+00:00,-0.36,1.0,1.0,0.0,1.0,1.016,1.59
2025-04-05 00:00:00+00:00,-0.36411949685534595,1.0,1.0,0.0,1.0,1.015,1.59
2025-04-06 00:00:00+00:00,-0.3711949685534591,1.0,1.0,0.0,1.0,0.9185,1.59
2025-04-07 00:00:00+00:00,-0.43147798742138366,1.0,1.0,0.0,1.0,0.9073,1.59
2025-04-08 00:00:00+00:00,-0.4245283018867925,1.0,1.0,0.0,1.0,0.8785,1.59
2025-04-09 00:00:00+00:00,-0.4461635220125786,1.0,1.0,0.0,1.0,0.9413,1.59
2025-04-10 00:00:00+00:00,-0.429622641509434,1.0,1.0,0.0,1.0,0.8946,1.59
2025-04-11 00:00:00+00:00,-0.4252830188679246,1.0,1.0,0.0,1.0,0.9099,1.59
2025-04-12 00:00:00+00:00,-0.4205974842767296,1.0,1.0,0.0,1.0,0.9345,1.59
2025-04-13 00:00:00+00:00,-0.42179245283018874,1.0,1.0,0.0,1.0,0.8641,1.59
2025-04-14 00:00:00+00:00,-0.455188679245283,1.0,1.0,0.0,1.0,0.8549,1.59
2025-04-15 00:00:00+00:00,-0.46770440251572326,1.0,1.0,0.0,1.0,0.8436,1.59
2025-04-16 00:00:00+00:00,-0.4801257861635221,1.0,1.0,0.0,1.0,0.8198,1.59
2025-04-17 00:00:00+00:00,-0.5029874213836478,1.0,1.0,0.0,1.0,0.788,1.59
2025-04-18 00:00:00+00:00,-0.49226415094339626,1.0,1.0,0.0,1.0,0.8073,1.59
2025-04-19 00:00:00+00:00,-0.49012578616352204,1.0,1.0,0.0,1.0,0.8076,1.59
2025-04-20 00:00:00+00:00,-0.4804402515723271,1.0,1.0,0.0,1.0,0.8208,1.59
2025-04-21 00:00:00+00:00,-0.479308176100629,1.0,1.0,0.0,1.0,0.8257,1.59
2025-04-22 00:00:00+00:00,-0.4827358490566038,1.0,1.0,0.0,1.0,0.8349,1.59
2025-04-23 00:00:00+00:00,-0.4583962264150943,1.0,1.0,0.0,1.0,0.8632,1.59
2025-04-24 00:00:00+00:00,-0.3855974842767296,1.0,1.0,0.0,1.0,0.972,1.59
2025-04-25 00:00:00+00:00,-0.3783018867924528,1.0,1.0,0.0,1.0,0.9912,1.59
2025-04-26 00:00:00+00:00,-0.36,1.0,1.0,0.0,1.0,1.0266,1.59
2025-04-27 00:00:00+00:00,-0.3982389937106918,1.0,1.0,0.0,1.0,0.948,1.59
2025-04-28 00:00:00+00:00,-0.40056603773584903,1.0,1.0,0.0,1.0,0.9457,1.59
2025-04-29 00:00:00+00:00,-0.4068867924528302,1.0,1.0,0.0,1.0,0.9335,1.59
2025-04-30 00:00:00+00:00,-0.4156289308176101,1.0,1.0,0.0,1.0,0.944,1.59
2025-05-01 00:00:00+00:00,-0.39257861635220126,1.0,1.0,0.0,1.0,1.0034,1.59
2025-05-02 00:00:00+00:00,-0.3078616352201258,1.0,1.0,0.0,1.0,1.1014,1.59
2025-05-03 00:00:00+00:00,-0.3435849056603774,1.0,1.0,0.0,1.0,1.0303,1.59
2025-05-04 00:00:00+00:00,-0.3373899371069183,1.0,1.0,0.0,1.0,1.0493,1.59
2025-05-05 00:00:00+00:00,-0.3281761006289308,1.0,1.0,0.0,1.0,1.062,1.59
2025-05-06 00:00:00+00:00,-0.3528930817610063,1.0,1.0,0.0,1.0,1.0323,1.59
2025-05-07 00:00:00+00:00,-0.35216981132075476,1.0,1.0,0.0,1.0,1.0119,1.59
2025-05-08 00:00:00+00:00,-0.3340566037735849,1.0,1.0,0.0,1.0,1.1167,1.59
2025-05-09 00:00:00+00:00,-0.2903459119496856,1.0,1.0,0.0,1.0,1.1799,1.59
2025-05-10 00:00:00+00:00,-0.2580188679245284,1.0,1.0,0.0,1.0,1.2029,1.59
2025-05-11 00:00:00+00:00,-0.26386792452830193,1.0,1.0,0.0,1.0,1.1632,1.59
2025-05-12 00:00:00+00:00,-0.2735849056603774,1.0,1.0,0.0,1.0,1.1131,1.59
2025-05-13 00:00:00+00:00,-0.29808176100628925,1.0,1.0,0.0,1.0,1.167,1.59
2025-05-14 00:00:00+00:00,-0.27962264150943394,1.0,1.0,0.0,1.0,1.2503,1.59
2025-05-15 00:00:00+00:00,-0.24072327044025155,1.0,1.0,0.0,1.0,1.2465,1.59
2025-05-16 00:00:00+00:00,-0.1954088050314466,1.0,1.0,0.0,1.0,1.2894,1.59
2025-05-17 00:00:00+00:00,-0.21342767295597492,1.0,1.0,0.0,1.0,1.264,1.59
2025-05-18 00:00:00+00:00,-0.20437106918238995,1.0,1.0,0.0,1.0,1.2681,1.59
2025-05-19 00:00:00+00:00,-0.22880503144654096,1.0,1.0,0.0,1.0,1.2404,1.59
2025-05-20 00:00:00+00:00,-0.22012578616352207,1.0,1.0,0.0,1.0,1.2448,1.59
2025-05-21 00:00:00+00:00,-0.22518867924528307,1.0,1.0,0.0,1.0,1.2136,1.59
2025-05-22 00:00:00+00:00,-0.21597484276729573,1.0,1.0,0.0,1.0,1.2468,1.59
2025-05-23 00:00:00+00:00,-0.244874213836478,1.0,1.0,0.0,1.0,1.157,1.59
2025-05-24 00:00:00+00:00,-0.2618238993710692,1.0,1.0,0.0,1.0,1.1913,1.59
2025-05-25 00:00:00+00:00,-0.27248427672955977,1.0,1.0,0.0,1.0,1.1702,1.59
2025-05-26 00:00:00+00:00,-0.2655974842767296,1.0,1.0,0.0,1.0,1.1519,1.59
2025-05-27 00:00:00+00:00,-0.27367924528301896,1.0,1.0,0.0,1.0,1.1573,1.59
2025-05-28 00:00:00+00:00,-0.2517295597484277,1.0,1.0,0.0,1.0,1.2208,1.59
2025-05-29 00:00:00+00:00,-0.21528301886792456,1.0,1.0,0.0,1.0,1.3013,1.59
2025-05-30 00:00:00+00:00,-0.2526415094339623,1.0,1.0,0.0,1.0,1.1245,1.59
2025-05-31 00:00:00+00:00,-0.32094339622641516,1.0,1.0,0.0,1.0,1.077,1.59
2025-06-01 00:00:00+00:00,-0.30471698113207546,1.0,1.0,0.0,1.0,1.0745,1.59
2025-06-02 00:00:00+00:00,-0.329496855345912,1.0,1.0,0.0,1.0,1.1024,1.59
2025-06-03 00:00:00+00:00,-0.309559748427673,1.0,1.0,0.0,1.0,1.0747,1.59
2025-06-04 00:00:00+00:00,-0.3350314465408806,1.0,1.0,0.0,1.0,1.0297,1.59
2025-06-05 00:00:00+00:00,-0.35213836477987426,1.0,1.0,0.0,1.0,0.9571,1.59
2025-06-06 00:00:00+00:00,-0.3974213836477988,1.0,1.0,0.0,1.0,0.9441,1.59
2025-06-07 00:00:00+00:00,-0.39619496855345915,1.0,1.0,0.0,1.0,0.9435,1.59
2025-06-08 00:00:00+00:00,-0.41122641509433966,1.0,1.0,0.0,1.0,0.9283,1.59
2025-06-09 00:00:00+00:00,-0.3932389937106919,1.0,1.0,0.0,1.0,0.9747,1.59
2025-06-10 00:00:00+00:00,-0.374748427672956,1.0,1.0,0.0,1.0,1.0016,1.59
2025-06-11 00:00:00+00:00,-0.38660377358490566,1.0,1.0,0.0,1.0,0.976,1.59
2025-06-12 00:00:00+00:00,-0.3910377358490566,1.0,1.0,0.0,1.0,0.9296,1.59
2025-06-13 00:00:00+00:00,-0.4356918238993711,1.0,1.0,0.0,1.0,0.9136,1.59
2025-06-14 00:00:00+00:00,-0.4216037735849057,1.0,1.0,0.0,1.0,0.9055,1.59
2025-06-15 00:00:00+00:00,-0.43411949685534595,1.0,1.0,0.0,1.0,0.9018,1.59
2025-06-16 00:00:00+00:00,-0.42603773584905663,1.0,1.0,0.0,1.0,0.8904,1.59
2025-06-17 00:00:00+00:00,-0.4417924528301887,1.0,1.0,0.0,1.0,0.8572,1.59
2025-06-18 00:00:00+00:00,-0.46308176100628934,1.0,1.0,0.0,1.0,0.8475,1.59
2025-06-19 00:00:00+00:00,-0.46867924528301885,1.0,1.0,0.0,1.0,0.8505,1.59
2025-06-20 00:00:00+00:00,-0.47088050314465413,1.0,1.0,0.0,1.0,0.7842,1.59
2025-06-21 00:00:00+00:00,-0.5033962264150944,1.0,1.0,0.0,1.0,0.7488,1.59
2025-06-22 00:00:00+00:00,-0.5309119496855346,1.0,1.0,0.0,1.0,0.7241,1.59
2025-06-23 00:00:00+00:00,-0.5209119496855346,1.0,1.0,0.0,1.0,0.7964,1.59
2025-06-24 00:00:00+00:00,-0.49389937106918247,1.0,1.0,0.0,1.0,0.8058,1.59
2025-06-25 00:00:00+00:00,-0.4975471698113208,1.0,1.0,0.0,1.0,0.7721,1.59
2025-06-26 00:00:00+00:00,-0.5112578616352201,1.0,1.0,0.0,1.0,0.7721,1.59
2025-06-27 00:00:00+00:00,-0.5147798742138365,1.0,1.0,0.0,1.0,0.7739,1.59
2025-06-28 00:00:00+00:00,-0.5105974842767296,1.0,1.0,0.0,1.0,0.7918,1.59
2025-06-29 00:00:00+00:00,-0.5043396226415094,1.0,1.0,0.0,1.0,0.8054,1.59
2025-06-30 00:00:00+00:00,-0.5024842767295598,1.0,1.0,0.0,1.0,0.7974,1.59
2025-07-01 00:00:00+00:00,-0.5141509433962265,1.0,1.0,0.0,1.0,0.7659,1.59
2025-07-02 00:00:00+00:00,-0.4825157232704403,1.0,1.0,0.0,1.0,0.8391,1.59
2025-07-03 00:00:00+00:00,-0.4724842767295597,1.0,1.0,0.0,1.0,0.826,1.59
2025-07-04 00:00:00+00:00,-0.48682389937106924,1.0,1.0,0.0,1.0,0.8087,1.59
2025-07-05 00:00:00+00:00,-0.4933018867924529,1.0,1.0,0.0,1.0,0.8058,1.59
2025-07-06 00:00:00+00:00,-0.4933333333333334,1.0,1.0,0.0,1.0,0.8133,1.59
2025-07-07 00:00:00+00:00,-0.48808176100628936,1.0,1.0,0.0,1.0,0.8098,1.59
2025-07-08 00:00:00+00:00,-0.49245283018867925,1.0,1.0,0.0,1.0,0.8012,1.59
2025-07-09 00:00:00+00:00,-0.49276729559748433,1.0,1.0,0.0,1.0,0.8204,1.59
2025-07-10 00:00:00+00:00,-0.47808176100628935,1.0,1.0,0.0,1.0,0.8697,1.59
2025-07-11 00:00:00+00:00,-0.4352830188679246,1.0,1.0,0.0,1.0,0.8851,1.59
2025-07-12 00:00:00+00:00,-0.444496855345912,1.0,1.0,0.0,1.0,0.8821,1.59
2025-07-13 00:00:00+00:00,-0.4408490566037736,1.0,1.0,0.0,1.0,0.888,1.59
2025-07-14 00:00:00+00:00,-0.43650943396226416,1.0,1.0,0.0,1.0,0.8881,1.59
2025-07-15 00:00:00+00:00,-0.4556289308176101,1.0,1.0,0.0,1.0,0.8808,1.59
2025-07-16 00:00:00+00:00,-0.4354088050314465,1.0,1.0,0.0,1.0,0.8998,1.59
2025-07-17 00:00:00+00:00,-0.4307861635220126,1.0,1.0,0.0,1.0,0.8903,1.59
2025-07-18 00:00:00+00:00,-0.4187735849056604,1.0,1.0,0.0,1.0,0.9197,1.59
2025-07-19 00:00:00+00:00,-0.4183647798742139,1.0,1.0,0.0,1.0,1.0858,1.59
2025-07-20 00:00:00+00:00,-0.32150943396226417,1.0,1.0,0.0,1.0,1.0899,1.59
2025-07-21 00:00:00+00:00,-0.3127987421383648,1.0,1.0,0.0,1.0,1.0863,1.59
2025-07-22 00:00:00+00:00,-0.3339622641509434,1.0,1.0,0.0,1.0,1.0691,1.59
2025-07-23 00:00:00+00:00,-0.3488050314465409,1.0,1.0,0.0,1.0,0.9776,1.59
2025-07-24 00:00:00+00:00,-0.39974842767295604,1.0,1.0,0.0,1.0,0.9534,1.59
2025-07-25 00:00:00+00:00,-0.4131446540880504,1.0,1.0,0.0,1.0,0.9491,1.59
2025-07-26 00:00:00+00:00,-0.39424528301886796,1.0,1.0,0.0,1.0,0.9592,1.59
2025-07-27 00:00:00+00:00,-0.3987735849056604,1.0,1.0,0.0,1.0,0.9655,1.59
2025-07-28 00:00:00+00:00,-0.39704402515723275,1.0,1.0,0.0,1.0,0.9068,1.59
2025-07-29 00:00:00+00:00,-0.4380188679245284,1.0,1.0,0.0,1.0,0.8904,1.59
2025-07-30 00:00:00+00:00,-0.40993710691823904,1.0,1.0,0.0,1.0,0.9662,1.59
2025-07-31 00:00:00+00:00,-0.38783018867924524,1.0,1.0,0.0,1.0,0.9175,1.59
2025-08-01 00:00:00+00:00,-0.4256603773584906,1.0,1.0,0.0,1.0,0.91,1.59
2025-08-02 00:00:00+00:00,-0.4345911949685535,1.0,1.0,0.0,1.0,0.892,1.59
2025-08-03 00:00:00+00:00,-0.42955974842767297,1.0,1.0,0.0,1.0,0.8996,1.59
2025-08-04 00:00:00+00:00,-0.4237735849056604,1.0,1.0,0.0,1.0,0.9298,1.59
2025-08-05 00:00:00+00:00,-0.43103773584905664,1.0,1.0,0.0,1.0,0.8751,1.59
2025-08-06 00:00:00+00:00,-0.44342767295597485,1.0,1.0,0.0,1.0,0.8963,1.59
2025-08-07 00:00:00+00:00,-0.4364465408805032,1.0,1.0,0.0,1.0,0.9121,1.59
2025-08-08 00:00:00+00:00,-0.4277044025157233,1.0,1.0,0.0,1.0,0.9244,1.59
2025-08-09 00:00:00+00:00,-0.40893081761006295,1.0,1.0,0.0,1.0,0.9427,1.59
2025-08-10 00:00:00+00:00,-0.40814465408805034,1.0,1.0,0.0,1.0,0.9433,1.59
2025-08-11 00:00:00+00:00,-0.4059748427672956,1.0,1.0,0.0,1.0,0.9241,1.59
2025-08-12 00:00:00+00:00,-0.41305031446540885,1.0,1.0,0.0,1.0,0.9579,1.59
2025-08-13 00:00:00+00:00,-0.38424528301886796,1.0,1.0,0.0,1.0,0.9789,1.59
2025-08-14 00:00:00+00:00,-0.3992138364779874,1.0,1.0,0.0,1.0,0.9072,1.59
2025-08-15 00:00:00+00:00,-0.42770440251572334,1.0,1.0,0.0,1.0,0.9043,1.59
2025-08-16 00:00:00+00:00,-0.4233962264150944,1.0,1.0,0.0,1.0,0.932,1.59
2025-08-17 00:00:00+00:00,-0.40779874213836487,1.0,1.0,0.0,1.0,0.931,1.59
2025-08-18 00:00:00+00:00,-0.43088050314465415,1.0,1.0,0.0,1.0,0.8996,1.59
2025-08-19 00:00:00+00:00,-0.4394654088050315,1.0,1.0,0.0,1.0,0.8666,1.59
2025-08-20 00:00:00+00:00,-0.44484276729559746,1.0,1.0,0.0,1.0,0.9022,1.59
2025-08-21 00:00:00+00:00,-0.43339622641509434,1.0,1.0,0.0,1.0,0.9189,1.59
2025-08-22 00:00:00+00:00,-0.4036792452830189,1.0,1.0,0.0,1.0,0.9247,1.59
2025-08-23 00:00:00+00:00,-0.41305031446540885,1.0,1.0,0.0,1.0,0.9315,1.59
2025-08-24 00:00:00+00:00,-0.4301572327044026,1.0,1.0,0.0,1.0,0.9047,1.59
2025-08-25 00:00:00+00:00,-0.4486477987421384,1.0,1.0,0.0,1.0,0.855,1.59
2025-08-26 00:00:00+00:00,-0.46342767295597487,1.0,1.0,0.0,1.0,0.863,1.59
2025-08-27 00:00:00+00:00,-0.46078616352201257,1.0,1.0,0.0,1.0,0.8508,1.59
2025-08-28 00:00:00+00:00,-0.455125786163522,1.0,1.0,0.0,1.0,0.8676,1.59
2025-08-29 00:00:00+00:00,-0.47078616352201264,1.0,1.0,0.0,1.0,0.8408,1.59
2025-08-30 00:00:00+00:00,-0.469811320754717,1.0,1.0,0.0,1.0,0.8474,1.59
2025-08-31 00:00:00+00:00,-0.4700314465408805,1.0,1.0,0.0,1.0,0.8195,1.59
2025-09-01 00:00:00+00:00,-0.4988993710691824,1.0,1.0,0.0,1.0,0.766,1.59
2025-09-02 00:00:00+00:00,-0.5063836477987422,1.0,1.0,0.0,1.0,0.8007,1.59
2025-09-03 00:00:00+00:00,-0.49698113207547173,1.0,1.0,0.0,1.0,0.7984,1.59
2025-09-04 00:00:00+00:00,-0.5083647798742139,1.0,1.0,0.0,1.0,0.769,1.59
2025-09-05 00:00:00+00:00,-0.509748427672956,1.0,1.0,0.0,1.0,0.7849,1.59
2025-09-06 00:00:00+00:00,-0.5124842767295598,1.0,1.0,0.0,1.0,0.7744,1.59
2025-09-07 00:00:00+00:00,-0.5085220125786164,1.0,1.0,0.0,1.0,0.7834,1.59
2025-09-08 00:00:00+00:00,-0.5073270440251573,1.0,1.0,0.0,1.0,0.783,1.59
2025-09-09 00:00:00+00:00,-0.49641509433962266,1.0,1.0,0.0,1.0,0.8043,1.59
2025-09-10 00:00:00+00:00,-0.4937106918238994,1.0,1.0,0.0,1.0,0.8073,1.59
2025-09-11 00:00:00+00:00,-0.4952201257861636,1.0,1.0,0.0,1.0,0.8074,1.59
2025-09-12 00:00:00+00:00,-0.4894025157232705,1.0,1.0,0.0,1.0,0.8189,1.59
2025-09-13 00:00:00+00:00,-0.46732704402515723,1.0,1.0,0.0,1.0,0.8517,1.59
2025-09-14 00:00:00+00:00,-0.4751572327044025,1.0,1.0,0.0,1.0,0.808,1.59
2025-09-15 00:00:00+00:00,-0.5030188679245283,1.0,1.0,0.0,1.0,0.797,1.59
2025-09-16 00:00:00+00:00,-0.49597484276729564,1.0,1.0,0.0,1.0,0.8075,1.59
2025-09-17 00:00:00+00:00,-0.4966352201257862,1.0,1.0,0.0,1.0,0.8178,1.59
2025-09-18 00:00:00+00:00,-0.4835849056603774,1.0,1.0,0.0,1.0,0.8926,1.59
2025-09-19 00:00:00+00:00,-0.38748427672955976,1.0,1.0,0.0,1.0,1.0232,1.59
2025-09-20 00:00:00+00:00,-0.37883647798742137,1.0,1.0,0.0,1.0,0.9576,1.59
2025-09-21 00:00:00+00:00,-0.4134905660377359,1.0,1.0,0.0,1.0,0.9101,1.59
2025-09-22 00:00:00+00:00,-0.47455974842767296,1.0,1.0,0.0,1.0,0.8369,1.59
2025-09-23 00:00:00+00:00,-0.480188679245283,1.0,1.0,0.0,1.0,1.1394,1.59
2025-09-24 00:00:00+00:00,-0.3804716981132076,1.0,1.0,0.0,1.0,0.963,1.59
2025-09-25 00:00:00+00:00,-0.439559748427673,1.0,1.0,0.0,1.0,0.8692,1.59
2025-09-26 00:00:00+00:00,-0.4431132075471698,1.0,1.0,0.0,1.0,0.9262,1.59
2025-09-27 00:00:00+00:00,-0.4301886792452831,1.0,1.0,0.0,1.0,0.8977,1.59
2025-09-28 00:00:00+00:00,-0.40578616352201263,1.0,1.0,0.0,1.0,1.0001,1.59
2025-09-29 00:00:00+00:00,-0.39817610062893083,1.0,1.0,0.0,1.0,0.9642,1.59
2025-09-30 00:00:00+00:00,-0.41710691823899376,1.0,1.0,0.0,1.0,0.9264,1.59
2025-10-01 00:00:00+00:00,-0.40949685534591196,1.0,1.0,0.0,1.0,0.939,1.59
2025-10-02 00:00:00+00:00,-0.4086792452830189,1.0,1.0,0.0,1.0,0.9423,1.59
2025-10-03 00:00:00+00:00,-0.4170754716981133,1.0,1.0,0.0,1.0,0.9211,1.59
2025-10-04 00:00:00+00:00,-0.4255660377358491,1.0,1.0,0.0,1.0,0.9227,1.59
2025-10-05 00:00:00+00:00,-0.4127672955974844,1.0,1.0,0.0,1.0,0.9287,1.59
2025-10-06 00:00:00+00:00,-0.4187106918238994,1.0,1.0,0.0,1.0,0.9236,1.59
2025-10-07 00:00:00+00:00,-0.4192138364779875,1.0,1.0,0.0,1.0,0.9019,1.59
2025-10-08 00:00:00+00:00,-0.43924528301886795,1.0,1.0,0.0,1.0,0.892,1.59
2025-10-09 00:00:00+00:00,-0.4547798742138365,1.0,1.0,0.0,1.0,0.8662,1.59
2025-10-10 00:00:00+00:00,-0.46358490566037736,1.0,1.0,0.0,1.0,0.6157,1.59
2025-10-11 00:00:00+00:00,-0.5853459119496855,1.0,1.0,0.0,1.0,0.6623,1.59
2025-10-12 00:00:00+00:00,-0.5609119496855346,1.0,1.0,0.0,1.0,0.718,1.59
2025-10-13 00:00:00+00:00,-0.5324528301886793,1.0,1.0,0.0,1.0,0.7961,1.59
2025-10-14 00:00:00+00:00,-0.5212264150943396,1.0,1.0,0.0,1.0,0.7664,1.59
2025-10-15 00:00:00+00:00,-0.4788050314465409,1.0,1.0,0.0,1.0,0.8284,1.59
2025-10-16 00:00:00+00:00,-0.460125786163522,1.0,1.0,0.0,1.0,0.8355,1.59
2025-10-17 00:00:00+00:00,-0.4945283018867925,1.0,1.0,0.0,1.0,0.8141,1.59
2025-10-18 00:00:00+00:00,-0.4914465408805032,1.0,1.0,0.0,1.0,0.7857,1.59
2025-10-19 00:00:00+00:00,-0.4985849056603774,1.0,1.0,0.0,1.0,0.7993,1.59
2025-10-20 00:00:00+00:00,-0.4952201257861636,1.0,1.0,0.0,1.0,0.788,1.59
2025-10-21 00:00:00+00:00,-0.5106603773584906,1.0,1.0,0.0,1.0,0.7799,1.59
2025-10-22 00:00:00+00:00,-0.51,1.0,1.0,0.0,1.0,0.7698,1.59
2025-10-23 00:00:00+00:00,-0.5100943396226415,1.0,1.0,0.0,1.0,0.8493,1.59
2025-10-24 00:00:00+00:00,-0.44201257861635224,1.0,1.0,0.0,1.0,0.8847,1.59
2025-10-25 00:00:00+00:00,-0.445,1.0,1.0,0.0,1.0,0.9024,1.59
2025-10-26 00:00:00+00:00,-0.42204402515723277,1.0,1.0,0.0,1.0,0.922,1.59
2025-10-27 00:00:00+00:00,-0.4390251572327044,1.0,1.0,0.0,1.0,0.8751,1.59
2025-10-28 00:00:00+00:00,-0.4691509433962264,1.0,1.0,0.0,1.0,0.8369,1.59
2025-10-29 00:00:00+00:00,-0.4683647798742139,1.0,1.0,0.0,1.0,0.8471,1.59
2025-10-30 00:00:00+00:00,-0.4913522012578617,1.0,1.0,0.0,1.0,0.7808,1.59
2025-10-31 00:00:00+00:00,-0.45550314465408803,1.0,1.0,0.0,1.0,0.8616,1.59
2025-11-01 00:00:00+00:00,-0.4641509433962264,1.0,1.0,0.0,1.0,0.8435,1.59
2025-11-02 00:00:00+00:00,-0.4421698113207547,1.0,1.0,0.0,1.0,0.8881,1.59
2025-11-03 00:00:00+00:00,-0.4729874213836478,1.0,1.0,0.0,1.0,0.8246,1.59
2025-11-04 00:00:00+00:00,-0.5038993710691824,1.0,1.0,0.0,1.0,0.7797,1.59
2025-11-05 00:00:00+00:00,-0.5257547169811321,1.0,1.0,0.0,1.0,0.7594,1.59
2025-11-06 00:00:00+00:00,-0.534182389937107,1.0,1.0,0.0,1.0,0.7367,1.59
2025-11-07 00:00:00+00:00,-0.5327987421383649,1.0,1.0,0.0,1.0,0.7823,1.59
2025-11-08 00:00:00+00:00,-0.49959119496855353,1.0,1.0,0.0,1.0,0.7929,1.59
2025-11-09 00:00:00+00:00,-0.5050628930817611,1.0,1.0,0.0,1.0,0.7964,1.59
2025-11-10 00:00:00+00:00,-0.4994025157232705,1.0,1.0,0.0,1.0,0.7901,1.59
2025-11-11 00:00:00+00:00,-0.5123584905660378,1.0,1.0,0.0,1.0,0.7528,1.59
2025-11-12 00:00:00+00:00,-0.5218238993710692,1.0,1.0,0.0,1.0,0.75,1.59
2025-11-13 00:00:00+00:00,-0.5252515723270441,1.0,1.0,0.0,1.0,0.7258,1.59
2025-11-14 00:00:00+00:00,-0.5522641509433963,1.0,1.0,0.0,1.0,0.6922,1.59
2025-11-15 00:00:00+00:00,-0.559559748427673,1.0,1.0,0.0,1.0,0.7011,1.59
2025-11-16 00:00:00+00:00,-0.5602830188679245,1.0,1.0,0.0,1.0,0.6714,1.59
2025-11-17 00:00:00+00:00,-0.5752201257861635,1.0,1.0,0.0,1.0,0.6547,1.59
2025-11-18 00:00:00+00:00,-0.5914779874213837,1.0,1.0,0.0,1.0,0.6562,1.59
2025-11-19 00:00:00+00:00,-0.5909748427672956,1.0,1.0,0.0,1.0,0.6447,1.59
2025-11-20 00:00:00+00:00,-0.5889622641509433,1.0,1.0,0.0,1.0,0.6382,1.59
2025-11-21 00:00:00+00:00,-0.6172327044025158,1.0,1.0,0.0,1.0,0.6059,1.59
2025-11-22 00:00:00+00:00,-0.6191509433962263,1.0,1.0,0.0,1.0,0.611,1.59
2025-11-23 00:00:00+00:00,-0.6137106918238995,1.0,1.0,0.0,1.0,0.6069,1.59
2025-11-24 00:00:00+00:00,-0.6173584905660378,1.0,1.0,0.0,1.0,0.6099,1.59
2025-11-25 00:00:00+00:00,-0.6165723270440252,1.0,1.0,0.0,1.0,0.6085,1.59
2025-11-26 00:00:00+00:00,-0.6171069182389938,1.0,1.0,0.0,1.0,0.6118,1.59
2025-11-27 00:00:00+00:00,-0.6095911949685535,1.0,1.0,0.0,1.0,0.6195,1.59
2025-11-28 00:00:00+00:00,-0.615691823899371,1.0,1.0,0.0,1.0,0.6136,1.59
2025-11-29 00:00:00+00:00,-0.6135849056603774,1.0,1.0,0.0,1.0,0.6062,1.59
2025-11-30 00:00:00+00:00,-0.6169496855345912,1.0,1.0,0.0,1.0,0.597,1.59
2025-12-01 00:00:00+00:00,-0.6521383647798742,1.0,1.0,0.0,1.0,0.5231,1.59
2025-12-02 00:00:00+00:00,-0.669559748427673,1.0,1.0,0.0,1.0,0.5558,1.59
2025-12-03 00:00:00+00:00,-0.6476100628930818,1.0,1.0,0.0,1.0,0.5684,1.59
2025-12-04 00:00:00+00:00,-0.6504716981132076,1.0,1.0,0.0,1.0,0.5557,1.59
2025-12-05 00:00:00+00:00,-0.620314465408805,1.0,1.0,0.0,1.0,0.6068,1.59
2025-12-06 00:00:00+00:00,-0.6092452830188679,1.0,1.0,0.0,1.0,0.6741,1.59
2025-12-07 00:00:00+00:00,-0.6000943396226415,1.0,1.0,0.0,1.0,0.6158,1.59
2025-12-08 00:00:00+00:00,-0.6081761006289308,1.0,1.0,0.0,1.0,0.6181,1.59
2025-12-09 00:00:00+00:00,-0.5981132075471698,1.0,1.0,0.0,1.0,0.6417,1.59
2025-12-10 00:00:00+00:00,-0.6029874213836478,1.0,1.0,0.0,1.0,0.6239,1.59
2025-12-11 00:00:00+00:00,-0.6090251572327045,1.0,1.0,0.0,1.0,0.6271,1.59
2025-12-12 00:00:00+00:00,-0.6066981132075472,1.0,1.0,0.0,1.0,0.6297,1.59
2025-12-13 00:00:00+00:00,-0.6098427672955976,1.0,1.0,0.0,1.0,0.6152,1.59
2025-12-14 00:00:00+00:00,-0.6345283018867924,1.0,1.0,0.0,1.0,0.567,1.59
2025-12-15 00:00:00+00:00,-0.6435220125786163,1.0,1.0,0.0,1.0,0.5407,1.59
2025-12-16 00:00:00+00:00,-0.6598742138364779,1.0,1.0,0.0,1.0,0.5417,1.59
2025-12-17 00:00:00+00:00,-0.6669811320754717,1.0,1.0,0.0,1.0,0.512,1.59
2025-12-18 00:00:00+00:00,-0.6852515723270441,1.0,1.0,0.0,1.0,0.4816,1.59
2025-12-19 00:00:00+00:00,-0.6875471698113207,1.0,1.0,0.0,1.0,0.5145,1.59
2025-12-20 00:00:00+00:00,-0.6783018867924528,1.0,1.0,0.0,1.0,0.5111,1.59
2025-12-21 00:00:00+00:00,-0.6833647798742138,1.0,1.0,0.0,1.0,0.498,1.59
2025-12-22 00:00:00+00:00,-0.6863207547169812,1.0,1.0,0.0,1.0,0.4977,1.59
2025-12-23 00:00:00+00:00,-0.6919182389937107,1.0,1.0,0.0,1.0,0.4978,1.59
2025-12-24 00:00:00+00:00,-0.6923584905660377,1.0,1.0,0.0,1.0,0.5032,1.59
2025-12-25 00:00:00+00:00,-0.689874213836478,1.0,1.0,0.0,1.0,0.4803,1.59
2025-12-26 00:00:00+00:00,-0.7010377358490567,1.0,1.0,0.0,1.0,0.4704,1.59
2025-12-27 00:00:00+00:00,-0.7054716981132076,1.0,1.0,0.0,1.0,0.4692,1.59
2025-12-28 00:00:00+00:00,-0.7014465408805032,1.0,1.0,0.0,1.0,0.4733,1.59
2025-12-29 00:00:00+00:00,-0.7038679245283019,1.0,1.0,0.0,1.0,0.4583,1.59
2025-12-30 00:00:00+00:00,-0.7132389937106919,1.0,1.0,0.0,1.0,0.4651,1.59
2025-12-31 00:00:00+00:00,-0.7030817610062894,1.0,1.0,0.0,1.0,0.4617,1.59
2026-01-01 00:00:00+00:00,-0.7058490566037736,1.0,1.0,0.0,1.0,0.4744,1.59
2026-01-02 00:00:00+00:00,-0.6976415094339622,1.0,1.0,0.0,1.0,0.5725,1.59
2026-01-03 00:00:00+00:00,-0.6468238993710692,1.0,1.0,0.0,1.0,0.5377,1.59
2026-01-04 00:00:00+00:00,-0.6559433962264152,1.0,1.0,0.0,1.0,0.5322,1.59
2026-01-05 00:00:00+00:00,-0.6617924528301886,1.0,1.0,0.0,1.0,0.5452,1.59
2026-01-06 00:00:00+00:00,-0.6572012578616352,1.0,1.0,0.0,1.0,0.5468,1.59
2026-01-07 00:00:00+00:00,-0.66437106918239,1.0,1.0,0.0,1.0,0.5258,1.59
2026-01-08 00:00:00+00:00,-0.6760062893081761,1.0,1.0,0.0,1.0,0.5084,1.59
2026-01-09 00:00:00+00:00,-0.6846540880503145,1.0,1.0,0.0,1.0,0.4992,1.59
2026-01-10 00:00:00+00:00,-0.684685534591195,1.0,1.0,0.0,1.0,0.4988,1.59
2026-01-11 00:00:00+00:00,-0.6865094339622642,1.0,1.0,0.0,1.0,0.5043,1.59
2026-01-12 00:00:00+00:00,-0.6800628930817609,1.0,1.0,0.0,1.0,0.5151,1.59
2026-01-13 00:00:00+00:00,-0.6662893081761007,1.0,1.0,0.0,1.0,0.543,1.59
2026-01-14 00:00:00+00:00,-0.6618867924528302,1.0,1.0,0.0,1.0,0.5332,1.59
2026-01-15 00:00:00+00:00,-0.6704402515723271,1.0,1.0,0.0,1.0,0.5303,1.59
2026-01-16 00:00:00+00:00,-0.669308176100629,1.0,1.0,0.0,1.0,0.5268,1.59
2026-01-17 00:00:00+00:00,-0.6677358490566039,1.0,1.0,0.0,1.0,0.5282,1.59
2026-01-18 00:00:00+00:00,-0.6737421383647798,1.0,1.0,0.0,1.0,0.5102,1.59
2026-01-19 00:00:00+00:00,-0.6889622641509434,1.0,1.0,0.0,1.0,0.4935,1.59
2026-01-20 00:00:00+00:00,-0.6908490566037736,1.0,1.0,0.0,1.0,0.4794,1.59
2026-01-21 00:00:00+00:00,-0.6902515723270439,1.0,1.0,0.0,1.0,0.4923,1.59
2026-01-22 00:00:00+00:00,-0.6912893081761006,1.0,1.0,0.0,1.0,0.4878,1.59
2026-01-23 00:00:00+00:00,-0.7021069182389937,1.0,1.0,0.0,1.0,0.4646,1.59
2026-01-24 00:00:00+00:00,-0.7133333333333334,1.0,1.0,0.0,1.0,0.4564,1.59
2026-01-25 00:00:00+00:00,-0.7169182389937107,1.0,1.0,0.0,1.0,0.396,1.59
2026-01-26 00:00:00+00:00,-0.7403459119496856,1.0,1.0,0.0,1.0,0.4118,1.59
2026-01-27 00:00:00+00:00,-0.7424213836477987,1.0,1.0,0.0,1.0,0.4156,1.59
2026-01-28 00:00:00+00:00,-0.7477044025157232,1.0,1.0,0.0,1.0,0.4028,1.59
2026-01-29 00:00:00+00:00,-0.7530817610062893,1.0,1.0,0.0,1.0,0.3824,1.59
2026-01-30 00:00:00+00:00,-0.7563207547169811,1.0,1.0,0.0,1.0,0.4012,1.59
2026-01-31 00:00:00+00:00,-0.754182389937107,1.0,1.0,0.0,1.0,0.3781,1.59
2026-02-01 00:00:00+00:00,-0.7640880503144654,1.0,1.0,0.0,1.0,0.3603,1.59
2026-02-02 00:00:00+00:00,-0.7695283018867924,1.0,1.0,0.0,1.0,0.3711,1.59
2026-02-03 00:00:00+00:00,-0.7729559748427673,1.0,1.0,0.0,1.0,0.353,1.59
2026-02-04 00:00:00+00:00,-0.780062893081761,1.0,1.0,0.0,1.0,0.3428,1.59
2026-02-05 00:00:00+00:00,-0.7959119496855346,1.0,1.0,0.0,1.0,0.2858,1.59
2026-02-06 00:00:00+00:00,-0.8145283018867925,1.0,1.0,0.0,1.0,0.3199,1.59
2026-02-07 00:00:00+00:00,-0.8008805031446542,1.0,1.0,0.0,1.0,0.3209,1.59
2026-02-08 00:00:00+00:00,-0.799937106918239,1.0,1.0,0.0,1.0,0.3093,1.59
2026-02-09 00:00:00+00:00,-0.8063836477987422,1.0,1.0,0.0,1.0,0.31,1.59
2026-02-10 00:00:00+00:00,-0.7935534591194968,1.0,1.0,0.0,1.0,0.3626,1.59
2026-02-11 00:00:00+00:00,-0.7912893081761007,1.0,1.0,0.0,1.0,0.3314,1.59
2026-02-12 00:00:00+00:00,-0.7875471698113208,1.0,1.0,0.0,1.0,0.3386,1.59
2026-02-13 00:00:00+00:00,-0.7855345911949685,1.0,1.0,0.0,1.0,0.3485,1.59
2026-02-14 00:00:00+00:00,-0.7791194968553459,1.0,1.0,0.0,1.0,0.3589,1.59
2026-02-15 00:00:00+00:00,-0.7769182389937107,1.0,1.0,0.0,1.0,0.3509,1.59
2026-02-16 00:00:00+00:00,-0.7706918238993711,1.0,1.0,0.0,1.0,0.3801,1.59
2026-02-17 00:00:00+00:00,-0.7670125786163522,1.0,1.0,0.0,1.0,0.3764,1.59
2026-02-18 00:00:00+00:00,-0.7644025157232704,1.0,1.0,0.0,1.0,0.3662,1.59
2026-02-19 00:00:00+00:00,-0.779748427672956,1.0,1.0,0.0,1.0,0.3478,1.59
2026-02-20 00:00:00+00:00,-0.7808805031446541,1.0,1.0,0.0,1.0,0.3488,1.59
2026-02-21 00:00:00+00:00,-0.779937106918239,1.0,1.0,0.0,1.0,0.3471,1.59
2026-02-22 00:00:00+00:00,-0.7893396226415095,1.0,1.0,0.0,1.0,0.333,1.59
2026-02-23 00:00:00+00:00,-0.7985534591194969,1.0,1.0,0.0,1.0,0.3149,1.59
2026-02-24 00:00:00+00:00,-0.8025157232704403,1.0,1.0,0.0,1.0,0.3114,1.59
2026-02-25 00:00:00+00:00,-0.7987735849056604,1.0,1.0,0.0,1.0,0.3246,1.59
2026-02-26 00:00:00+00:00,-0.7999056603773586,1.0,1.0,0.0,1.0,0.3212,1.59
2026-02-27 00:00:00+00:00,-0.8007547169811321,1.0,1.0,0.0,1.0,0.3176,1.59
2026-02-28 00:00:00+00:00,-0.8128301886792453,1.0,1.0,0.0,1.0,0.3084,1.59
2026-03-01 00:00:00+00:00,-0.8133647798742139,1.0,1.0,0.0,1.0,0.2924,1.59
2026-03-02 00:00:00+00:00,-0.8138993710691824,1.0,1.0,0.0,1.0,0.2915,1.59
2026-03-03 00:00:00+00:00,-0.8170440251572327,1.0,1.0,0.0,1.0,0.2916,1.59
2026-03-04 00:00:00+00:00,-0.8124842767295598,1.0,1.0,0.0,1.0,0.2978,1.59
2026-03-05 00:00:00+00:00,-0.8152830188679245,1.0,1.0,0.0,1.0,0.2921,1.59
2026-03-06 00:00:00+00:00,-0.8185849056603773,1.0,1.0,0.0,1.0,0.283,1.59
2026-03-07 00:00:00+00:00,-0.8275471698113207,1.0,1.0,0.0,1.0,0.2704,1.59
2026-03-08 00:00:00+00:00,-0.830314465408805,1.0,1.0,0.0,1.0,0.27,1.59
2026-03-09 00:00:00+00:00,-0.8269496855345911,1.0,1.0,0.0,1.0,0.2756,1.59
2026-03-10 00:00:00+00:00,-0.8264150943396227,1.0,1.0,0.0,1.0,0.2759,1.59
2026-03-11 00:00:00+00:00,-0.8258176100628931,1.0,1.0,0.0,1.0,0.2771,1.59
2026-03-12 00:00:00+00:00,-0.825503144654088,1.0,1.0,0.0,1.0,0.2803,1.59
2026-03-13 00:00:00+00:00,-0.820566037735849,1.0,1.0,0.0,1.0,0.2785,1.59
2026-03-14 00:00:00+00:00,-0.8238364779874214,1.0,1.0,0.0,1.0,0.2811,1.59
2026-03-15 00:00:00+00:00,-0.8227987421383648,1.0,1.0,0.0,1.0,0.2825,1.59
2026-03-16 00:00:00+00:00,-0.8167924528301886,1.0,1.0,0.0,1.0,0.2931,1.59
2026-03-17 00:00:00+00:00,-0.8162264150943397,1.0,1.0,0.0,1.0,0.2994,1.59
2026-03-18 00:00:00+00:00,-0.8168553459119496,1.0,1.0,0.0,1.0,0.287,1.59
2026-03-19 00:00:00+00:00,-0.8207547169811321,1.0,1.0,0.0,1.0,0.28,1.59
2026-03-20 00:00:00+00:00,-0.820251572327044,1.0,1.0,0.0,1.0,0.2836,1.59
2026-03-21 00:00:00+00:00,-0.8174842767295598,1.0,1.0,0.0,1.0,0.2921,1.59
2026-03-22 00:00:00+00:00,-0.8185220125786163,1.0,1.0,0.0,1.0,0.2925,1.59
2026-03-23 00:00:00+00:00,-0.8122012578616352,1.0,1.0,0.0,1.0,0.3003,1.59
2026-03-24 00:00:00+00:00,-0.8083647798742138,1.0,1.0,0.0,1.0,0.3088,1.59
2026-03-25 00:00:00+00:00,-0.8019496855345911,1.0,1.0,0.0,1.0,0.3195,1.59
2026-03-26 00:00:00+00:00,-0.8089937106918239,1.0,1.0,0.0,1.0,0.3035,1.59
2026-03-27 00:00:00+00:00,-0.8183018867924529,1.0,1.0,0.0,1.0,0.2881,1.59
2026-03-28 00:00:00+00:00,-0.8212893081761007,1.0,1.0,0.0,1.0,0.2829,1.59
2026-03-29 00:00:00+00:00,-0.8213836477987422,1.0,1.0,0.0,1.0,0.284,1.59
2026-03-30 00:00:00+00:00,-0.8155345911949686,1.0,1.0,0.0,1.0,0.3031,1.59
2026-03-31 00:00:00+00:00,-0.8076729559748428,1.0,1.0,0.0,1.0,0.3043,1.59
2026-04-01 00:00:00+00:00,-0.8078930817610063,1.0,1.0,0.0,1.0,0.3041,1.59
2026-04-02 00:00:00+00:00,-0.8166037735849057,1.0,1.0,0.0,1.0,0.2958,1.59
2026-04-03 00:00:00+00:00,-0.814559748427673,1.0,1.0,0.0,1.0,0.2917,1.59
2026-04-04 00:00:00+00:00,-0.818553459119497,1.0,1.0,0.0,1.0,0.2907,1.59
2026-04-05 00:00:00+00:00,-0.8155345911949685,1.0,1.0,0.0,1.0,0.3031,1.59
2026-04-06 00:00:00+00:00,-0.8124213836477987,1.0,1.0,0.0,1.0,0.2877,1.59
2026-04-07 00:00:00+00:00,-0.8189622641509434,1.0,1.0,0.0,1.0,0.2992,1.59
2026-04-08 00:00:00+00:00,-0.8118238993710691,1.0,1.0,0.0,1.0,0.2945,1.59
2026-04-09 00:00:00+00:00,-0.8141509433962264,1.0,1.0,0.0,1.0,0.2933,1.59
2026-04-10 00:00:00+00:00,-0.8159119496855346,1.0,1.0,0.0,1.0,0.2927,1.59
2026-04-11 00:00:00+00:00,-0.8154088050314465,1.0,1.0,0.0,1.0,0.2948,1.59
2026-04-12 00:00:00+00:00,-0.818616352201258,1.0,1.0,0.0,1.0,0.2871,1.59
2026-04-13 00:00:00+00:00,-0.8205345911949685,1.0,1.0,0.0,1.0,0.2972,1.59
2026-04-14 00:00:00+00:00,-0.8166666666666667,1.0,1.0,0.0,1.0,0.2912,1.59
2026-04-15 00:00:00+00:00,-0.8169811320754716,1.0,1.0,0.0,1.0,0.2933,1.59
2026-04-16 00:00:00+00:00,-0.8093081761006289,1.0,1.0,0.0,1.0,0.3089,1.59
2026-04-17 00:00:00+00:00,-0.804308176100629,1.0,1.0,0.0,1.0,0.3078,1.59
2026-04-18 00:00:00+00:00,-0.8072955974842767,1.0,1.0,0.0,1.0,0.3001,1.59
2026-04-19 00:00:00+00:00,-0.8133018867924529,1.0,1.0,0.0,1.0,0.2883,1.59
2026-04-20 00:00:00+00:00,-0.8152201257861635,1.0,1.0,0.0,1.0,0.2939,1.59
2026-04-21 00:00:00+00:00,-0.8160062893081761,1.0,1.0,0.0,1.0,0.2949,1.59
2026-04-22 00:00:00+00:00,-0.8126729559748428,1.0,1.0,0.0,1.0,0.2957,1.59
2026-04-23 00:00:00+00:00,-0.8185534591194968,1.0,1.0,0.0,1.0,0.2939,1.59
2026-04-24 00:00:00+00:00,-0.8123899371069182,1.0,1.0,0.0,1.0,0.3029,1.59
2026-04-25 00:00:00+00:00,-0.8145283018867925,1.0,1.0,0.0,1.0,0.2883,1.59
2026-04-26 00:00:00+00:00,-0.8168553459119496,1.0,1.0,0.0,1.0,0.2995,1.59
2026-04-27 00:00:00+00:00,-0.8176415094339623,1.0,1.0,0.0,1.0,0.2942,1.59
2026-04-28 00:00:00+00:00,-0.8172327044025157,1.0,1.0,0.0,1.0,0.2924,1.59
2026-04-29 00:00:00+00:00,-0.8176415094339623,1.0,1.0,0.0,1.0,0.2847,1.59
2026-04-30 00:00:00+00:00,-0.819748427672956,1.0,1.0,0.0,1.0,0.2883,1.59
2026-05-01 00:00:00+00:00,-0.8172012578616352,1.0,1.0,0.0,1.0,0.2866,1.59
2026-05-02 00:00:00+00:00,-0.8180817610062894,1.0,1.0,0.0,1.0,0.299,1.59
2026-05-03 00:00:00+00:00,-0.8169182389937106,1.0,1.0,0.0,1.0,0.2877,1.59
2026-05-04 00:00:00+00:00,-0.8164465408805032,1.0,1.0,0.0,1.0,0.2903,1.59
2026-05-05 00:00:00+00:00,-0.8110377358490566,1.0,1.0,0.0,1.0,0.3678,1.59
2026-05-06 00:00:00+00:00,-0.790440251572327,1.0,1.0,0.0,1.0,0.3267,1.59
2026-05-07 00:00:00+00:00,-0.8015094339622642,1.0,1.0,0.0,1.0,0.324,1.59
2026-05-08 00:00:00+00:00,-0.7928930817610063,1.0,1.0,0.0,1.0,0.3421,1.59
2026-05-09 00:00:00+00:00,-0.7826729559748428,1.0,1.0,0.0,1.0,0.3582,1.59
2026-05-10 00:00:00+00:00,-0.7785220125786163,1.0,1.0,0.0,1.0,0.3497,1.59
2026-05-11 00:00:00+00:00,-0.7784591194968553,1.0,1.0,0.0,1.0,0.3486,1.59
2026-05-12 00:00:00+00:00,-0.7842138364779874,1.0,1.0,0.0,1.0,0.3393,1.59
2026-05-13 00:00:00+00:00,-0.7835849056603774,1.0,1.0,0.0,1.0,0.3425,1.59
2026-05-14 00:00:00+00:00,-0.7783647798742139,1.0,1.0,0.0,1.0,0.3614,1.59
2026-05-15 00:00:00+00:00,-0.7742767295597485,1.0,1.0,0.0,1.0,0.3515,1.59
2026-05-16 00:00:00+00:00,-0.7837735849056604,1.0,1.0,0.0,1.0,0.3421,1.59
2026-05-17 00:00:00+00:00,-0.7849056603773585,1.0,1.0,0.0,1.0,0.3409,1.59
2026-05-18 00:00:00+00:00,-0.7889308176100629,1.0,1.0,0.0,1.0,0.3326,1.59
2026-05-19 00:00:00+00:00,-0.7954088050314465,1.0,1.0,0.0,1.0,0.3228,1.59
2026-05-20 00:00:00+00:00,-0.795062893081761,1.0,1.0,0.0,1.0,0.326,1.59
2026-05-21 00:00:00+00:00,-0.7939308176100629,1.0,1.0,0.0,1.0,0.3279,1.59
2026-05-22 00:00:00+00:00,-0.7925786163522013,1.0,1.0,0.0,1.0,0.3201,1.59
2026-05-23 00:00:00+00:00,-0.7977358490566038,1.0,1.0,0.0,1.0,0.327,1.59
2026-05-24 00:00:00+00:00,-0.7963522012578617,1.0,1.0,0.0,1.0,0.3157,1.59
2026-05-25 00:00:00+00:00,-0.7978930817610063,1.0,1.0,0.0,1.0,0.321,1.59
2026-05-26 00:00:00+00:00,-0.8007232704402516,1.0,1.0,0.0,1.0,0.3181,1.59
2026-05-27 00:00:00+00:00,-0.8028930817610063,1.0,1.0,0.0,1.0,0.3013,1.59
2026-05-28 00:00:00+00:00,-0.8138050314465408,1.0,1.0,0.0,1.0,0.2977,1.59
2026-05-29 00:00:00+00:00,-0.814811320754717,1.0,1.0,0.0,1.0,0.2933,1.59
2026-05-30 00:00:00+00:00,-0.8114465408805032,1.0,1.0,0.0,1.0,0.2998,1.59
2026-05-31 00:00:00+00:00,-0.8106603773584906,1.0,1.0,0.0,1.0,0.2996,1.59
2026-06-01 00:00:00+00:00,-0.8121383647798742,1.0,1.0,0.0,1.0,0.298,1.59
2026-06-02 00:00:00+00:00,-0.8173899371069182,1.0,1.0,0.0,1.0,0.2703,1.59
2026-06-03 00:00:00+00:00,-0.8293396226415094,1.0,1.0,0.0,1.0,0.2638,1.59
2026-06-04 00:00:00+00:00,-0.8443396226415094,1.0,1.0,0.0,1.0,0.2449,1.59
2026-06-05 00:00:00+00:00,-0.8528301886792453,1.0,1.0,0.0,1.0,0.226,1.59
2026-06-06 00:00:00+00:00,-0.8580188679245283,1.0,1.0,0.0,1.0,0.2289,1.59
2026-06-07 00:00:00+00:00,-0.8517295597484277,1.0,1.0,0.0,1.0,0.2383,1.59
2026-06-08 00:00:00+00:00,-0.8491194968553459,1.0,1.0,0.0,1.0,0.3161,1.59
2026-06-09 00:00:00+00:00,-0.8110377358490566,1.0,1.0,0.0,1.0,0.2918,1.59
2026-06-10 00:00:00+00:00,-0.8274528301886793,1.0,1.0,0.0,1.0,0.2782,1.59
2026-06-11 00:00:00+00:00,-0.8211635220125786,1.0,1.0,0.0,1.0,0.2774,1.59
2026-06-12 00:00:00+00:00,-0.8292767295597484,1.0,1.0,0.0,1.0,0.2663,1.59
2026-06-13 00:00:00+00:00,-0.8329559748427673,1.0,1.0,0.0,1.0,0.2671,1.59
2026-06-14 00:00:00+00:00,-0.8330817610062893,1.0,1.0,0.0,1.0,0.2697,1.59
2026-06-15 00:00:00+00:00,-0.8297798742138365,1.0,1.0,0.0,1.0,0.2685,1.59
2026-06-16 00:00:00+00:00,-0.8293710691823899,1.0,1.0,0.0,1.0,0.2712,1.59
2026-06-17 00:00:00+00:00,-0.830314465408805,1.0,1.0,0.0,1.0,0.2672,1.59
2026-06-18 00:00:00+00:00,-0.8331761006289308,1.0,1.0,0.0,1.0,0.2583,1.59
2026-06-19 00:00:00+00:00,-0.8361949685534591,1.0,1.0,0.0,1.0,0.2619,1.59
2026-06-20 00:00:00+00:00,-0.8380503144654088,1.0,1.0,0.0,1.0,0.2512,1.59
2026-06-21 00:00:00+00:00,-0.8421698113207547,1.0,1.0,0.0,1.0,0.2487,1.59
2026-06-22 00:00:00+00:00,-0.8436792452830189,1.0,1.0,0.0,1.0,0.2453,1.59
2026-06-23 00:00:00+00:00,-0.8427987421383647,1.0,1.0,0.0,1.0,0.2504,1.59
2026-06-24 00:00:00+00:00,-0.8444654088050314,1.0,1.0,0.0,1.0,0.242,1.59
2026-06-25 00:00:00+00:00,-0.8473584905660377,1.0,1.0,0.0,1.0,0.2321,1.59
2026-06-26 00:00:00+00:00,-0.8500943396226415,1.0,1.0,0.0,1.0,0.2365,1.59
2026-06-27 00:00:00+00:00,-0.8500314465408805,1.0,1.0,0.0,1.0,0.2341,1.59
2026-06-28 00:00:00+00:00,-0.8520440251572327,1.0,1.0,0.0,1.0,0.2345,1.59
2026-06-29 00:00:00+00:00,-0.8518867924528302,1.0,1.0,0.0,1.0,0.2337,1.59
2026-06-30 00:00:00+00:00,-0.8564150943396227,1.0,1.0,0.0,1.0,0.2273,1.59
2026-07-01 00:00:00+00:00,-0.854308176100629,1.0,1.0,0.0,1.0,0.2335,1.59
2026-07-02 00:00:00+00:00,-0.8521698113207548,1.0,1.0,0.0,1.0,0.2296,1.59
2026-07-03 00:00:00+00:00,-0.8519811320754718,1.0,1.0,0.0,1.0,0.2383,1.59
2026-07-04 00:00:00+00:00,-0.8499056603773585,1.0,1.0,0.0,1.0,0.2388,1.59
2026-07-05 00:00:00+00:00,-0.8499056603773585,1.0,1.0,0.0,1.0,0.2385,1.59
2026-07-06 00:00:00+00:00,-0.8533647798742139,1.0,1.0,0.0,1.0,0.2317,1.59
2026-07-07 00:00:00+00:00,-0.854748427672956,1.0,1.0,0.0,1.0,0.2257,1.59
2026-07-08 00:00:00+00:00,-0.8627044025157233,1.0,1.0,0.0,1.0,0.2191,1.59
2026-07-09 00:00:00+00:00,-0.8616352201257862,1.0,1.0,0.0,1.0,0.2227,1.59
2026-07-10 00:00:00+00:00,-0.8585220125786164,1.0,1.0,0.0,1.0,0.226,1.59
2026-07-11 00:00:00+00:00,-0.8596226415094339,1.0,1.0,0.0,1.0,0.2218,1.59
2026-07-12 00:00:00+00:00,-0.8611006289308176,1.0,1.0,0.0,1.0,0.2173,1.59
2026-07-13 00:00:00+00:00,-0.8645283018867924,1.0,1.0,0.0,1.0,0.2125,1.59
2026-07-14 00:00:00+00:00,-0.8656603773584906,1.0,1.0,0.0,1.0,0.2169,1.59
2026-07-15 00:00:00+00:00,-0.8657232704402515,1.0,1.0,0.0,1.0,0.2108,1.59
2026-07-16 00:00:00+00:00,-0.8679559748427673,1.0,1.0,0.0,1.0,0.2051,1.59
2026-07-17 00:00:00+00:00,-0.8713522012578616,1.0,1.0,0.0,1.0,0.2066,1.59
2026-07-18 00:00:00+00:00,-0.8707232704402516,1.0,1.0,0.0,1.0,0.2035,1.59
2026-07-19 00:00:00+00:00,-0.8709748427672956,1.0,1.0,0.0,1.0,0.2036,1.59
2026-07-20 00:00:00+00:00,-0.8698427672955975,1.0,1.0,0.0,1.0,0.2102,1.59
2026-07-21 00:00:00+00:00,-0.8684905660377358,1.0,1.0,0.0,1.0,0.209,1.59
2026-07-22 00:00:00+00:00,-0.8697798742138365,1.0,1.0,0.0,1.0,0.2077,1.59
2026-07-23 00:00:00+00:00,-0.869119496855346,1.0,1.0,0.0,1.0,0.2074,1.59
2026-07-24 00:00:00+00:00,-0.8702830188679246,1.0,1.0,0.0,1.0,0.2059,1.59
2026-07-25 00:00:00+00:00,-0.8705974842767296,1.0,1.0,0.0,1.0,0.2074,1.59
2026-07-26 00:00:00+00:00,-0.8702830188679245,1.0,1.0,0.0,1.0,0.2073,1.59
2026-07-27 00:00:00+00:00,-0.870062893081761,1.0,1.0,0.0,1.0,0.2033,1.59
2026-07-28 00:00:00+00:00,-0.8714779874213837,1.0,1.0,0.0,1.0,0.2054,1.59
2026-07-29 00:00:00+00:00,-0.8773899371069183,1.0,1.0,0.0,1.0,0.1935,1.59
2026-07-30 00:00:00+00:00,-0.8773270440251573,1.0,1.0,0.0,1.0,0.1961,1.59
2026-07-31 00:00:00+00:00,-0.8776415094339622,1.0,1.0,0.0,1.0,0.1926,1.59
2026-08-01 00:00:00+00:00,-0.8762578616352201,1.0,1.0,0.0,1.0,0.195,1.59
2026-08-02 00:00:00+00:00,-0.8759119496855345,1.0,1.0,0.0,1.0,0.1975,1.59
2026-08-03 00:00:00+00:00,-0.8756603773584906,1.0,1.0,0.0,1.0,0.1961,1.59
2026-08-04 00:00:00+00:00,-0.8755660377358491,1.0,1.0,0.0,1.0,0.2006,1.59
2026-08-05 00:00:00+00:00,-0.8718867924528302,1.0,1.0,0.0,1.0,0.2039,1.59
2026-08-06 00:00:00+00:00,-0.8719496855345912,1.0,1.0,0.0,1.0,0.2041,1.59
2026-08-07 00:00:00+00:00,-0.874182389937107,1.0,1.0,0.0,1.0,0.1988,1.59
2026-08-08 00:00:00+00:00,-0.8771069182389937,1.0,1.0,0.0,1.0,0.1972,1.59
2026-08-09 00:00:00+00:00,-0.8752515723270441,1.0,1.0,0.0,1.0,0.2028,1.59
2026-08-10 00:00:00+00:00,-0.8750943396226415,1.0,1.0,0.0,1.0,0.1966,1.59
2026-08-11 00:00:00+00:00,-0.875817610062893,1.0,1.0,0.0,1.0,0.2002,1.59
2026-08-12 00:00:00+00:00,-0.874748427672956,1.0,1.0,0.0,1.0,0.1987,1.59
2026-08-13 00:00:00+00:00,-0.8742138364779874,1.0,1.0,0.0,1.0,0.1994,1.59
2026-08-14 00:00:00+00:00,-0.8739308176100629,1.0,1.0,0.0,1.0,0.2017,1.59
2026-08-15 00:00:00+00:00,-0.8695283018867924,1.0,1.0,0.0,1.0,0.2072,1.59
2026-08-16 00:00:00+00:00,-0.869056603773585,1.0,1.0,0.0,1.0,0.2057,1.59
2026-08-17 00:00:00+00:00,-0.8713207547169811,1.0,1.0,0.0,1.0,0.2028,1.59
2026-08-18 00:00:00+00:00,-0.8745283018867924,1.0,1.0,0.0,1.0,0.1997,1.59
2026-08-19 00:00:00+00:00,-0.8745283018867924,1.0,1.0,0.0,1.0,0.2072,1.59
2026-08-20 00:00:00+00:00,-0.8670440251572327,1.0,1.0,0.0,1.0,0.2182,1.59
2026-08-21 00:00:00+00:00,-0.860691823899371,1.0,1.0,0.0,1.0,0.2331,1.59
2026-08-22 00:00:00+00:00,-0.8543081761006289,1.0,1.0,0.0,1.0,0.2297,1.59
2026-08-23 00:00:00+00:00,-0.8550943396226416,1.0,1.0,0.0,1.0,0.2303,1.59
2026-08-24 00:00:00+00:00,-0.8543396226415094,1.0,1.0,0.0,1.0,0.2328,1.59
2026-08-25 00:00:00+00:00,-0.8536792452830189,1.0,1.0,0.0,1.0,0.2287,1.59
2026-08-26 00:00:00+00:00,-0.8541194968553459,1.0,1.0,0.0,1.0,0.2328,1.59
2026-08-27 00:00:00+00:00,-0.8525157232704403,1.0,1.0,0.0,1.0,0.2353,1.59
2026-08-28 00:00:00+00:00,-0.8535849056603774,1.0,1.0,0.0,1.0,0.2266,1.59
2026-08-29 00:00:00+00:00,-0.8576729559748428,1.0,1.0,0.0,1.0,0.2233,1.59
2026-08-30 00:00:00+00:00,-0.8572327044025158,1.0,1.0,0.0,1.0,0.2242,1.59
2026-08-31 00:00:00+00:00,-0.8604716981132076,1.0,1.0,0.0,1.0,0.224,1.59
2026-09-01 00:00:00+00:00,-0.8605031446540881,1.0,1.0,0.0,1.0,0.2189,1.59
2026-09-02 00:00:00+00:00,-0.8638993710691824,1.0,1.0,0.0,1.0,0.2152,1.59
2026-09-03 00:00:00+00:00,-0.8624213836477987,1.0,1.0,0.0,1.0,0.2198,1.59
2026-09-04 00:00:00+00:00,-0.8621698113207548,1.0,1.0,0.0,1.0,0.2181,1.59
2026-09-05 00:00:00+00:00,-0.8605031446540881,1.0,1.0,0.0,1.0,0.2225,1.59
2026-09-06 00:00:00+00:00,-0.8601886792452831,1.0,1.0,0.0,1.0,0.2225,1.59
2026-09-07 00:00:00+00:00,-0.8592767295597484,1.0,1.0,0.0,1.0,0.2264,1.59
2026-09-08 00:00:00+00:00,-0.8594025157232704,1.0,1.0,0.0,1.0,0.2237,1.59
2026-09-09 00:00:00+00:00,-0.8598427672955975,1.0,1.0,0.0,1.0,0.2167,1.59
2026-09-10 00:00:00+00:00,-0.8636477987421384,1.0,1.0,0.0,1.0,0.2167,1.59
2026-09-11 00:00:00+00:00,-0.8633018867924528,1.0,1.0,0.0,1.0,0.2153,1.59
2026-09-12 00:00:00+00:00,-0.8629874213836478,1.0,1.0,0.0,1.0,0.2165,1.59
2026-09-13 00:00:00+00:00,-0.8664779874213837,1.0,1.0,0.0,1.0,0.2116,1.59
2026-09-14 00:00:00+00:00,-0.8707232704402516,1.0,1.0,0.0,1.0,0.204,1.59
2026-09-15 00:00:00+00:00,-0.8725157232704402,1.0,1.0,0.0,1.0,0.1963,1.59
2026-09-16 00:00:00+00:00,-0.8769182389937107,1.0,1.0,0.0,1.0,0.1949,1.59
2026-09-17 00:00:00+00:00,-0.8737421383647799,1.0,1.0,0.0,1.0,0.2085,1.59
2026-09-18 00:00:00+00:00,-0.8668238993710692,1.0,1.0,0.0,1.0,0.2131,1.59
2026-09-19 00:00:00+00:00,-0.8674842767295597,1.0,1.0,0.0,1.0,0.212,1.59
2026-09-20 00:00:00+00:00,-0.8670754716981132,1.0,1.0,0.0,1.0,0.293,1.59
2026-09-21 00:00:00+00:00,-0.8266352201257862,1.0,1.0,0.0,1.0,0.2721,1.59
2026-09-22 00:00:00+00:00,-0.8383647798742139,1.0,1.0,0.0,1.0,0.2635,1.59
2026-09-23 00:00:00+00:00,-0.8352515723270441,1.0,1.0,0.0,1.0,0.26,1.59
2026-09-24 00:00:00+00:00,-0.83562893081761,1.0,1.0,0.0,1.0,0.262,1.59
2026-09-25 00:00:00+00:00,-0.8380188679245283,1.0,1.0,0.0,1.0,0.2655,1.59
2026-09-26 00:00:00+00:00,-0.8403144654088051,1.0,1.0,0.0,1.0,0.2544,1.59
2026-09-27 00:00:00+00:00,-0.8390566037735849,1.0,1.0,0.0,1.0,0.2514,1.59
2026-09-28 00:00:00+00:00,-0.843867924528302,1.0,1.0,0.0,1.0,0.2496,1.59
2026-09-29 00:00:00+00:00,-0.8429874213836478,1.0,1.0,0.0,1.0,0.251,1.59
2026-09-30 00:00:00+00:00,-0.8413207547169812,1.0,1.0,0.0,1.0,0.2524,1.59
